{
  "PmpParameters": "default",
  "CommonParameters": "default",
  "Frames": {
    "0": {
      "PlanningRequest": {
        "m_startDirection": "common::EnmStartDirection::startAutoDefineDirection",
        "m_startPosture": {
          "m_pose": [
            0.0,
            0.0,
            -1.1782506147967737
          ],
          "m_curvature": 0.0
        },
        "m_targetArea": {
          "m_targetPosture": {
            "m_pose": [
              5.578369140625,
              0.525390625,
              -2.7158201376544397
            ],
            "m_curvature": 0.0
          },
          "m_lateralTolerance": 0.05,
          "m_longitudinalTolerance": 0.05,
          "m_orientationTolerance": 0.01,
          "m_targetDirection": "common::EnmStartDirection::startAutoDefineDirection"
        }
      },
      "m_parkingScenario": "EParkingScenario::PARKING_CPSC_BI",
      "NfmAggregatedPolygonObjects": [
        {
          "nfmPolygonObjectNodes": [
            {
              "m_x": -0.6189843749998545,
              "m_y": 15.026523437500146,
              "m_height": "nfm::fs::interface::EFusionHeightClass::HIGH",
              "comment": "Limiting Object 2, Street Side"
            },
            {
              "m_x": -0.9189843750000364,
              "m_y": 14.74652343749949,
              "m_height": "nfm::fs::interface::EFusionHeightClass::HIGH"
            }
          ]
        },
        {
          "nfmPolygonObjectNodes": [
            {
              "m_x": -0.9189843750000364,
              "m_y": 14.74652343749949,
              "m_height": "nfm::fs::interface::EFusionHeightClass::HIGH",
              "comment": "Limiting Object 2, Street Side"
            },
            {
              "m_x": -1.3189843750001273,
              "m_y": 14.74652343749949,
              "m_height": "nfm::fs::interface::EFusionHeightClass::HIGH"
            }
          ]
        },
        {
          "nfmPolygonObjectNodes": [
            {
              "m_x": -1.3189843750001273,
              "m_y": 14.74652343749949,
              "m_height": "nfm::fs::interface::EFusionHeightClass::HIGH",
              "comment": "Limiting Object 2, Street Side"
            },
            {
              "m_x": -1.4989843749999636,
              "m_y": 14.505523437499505,
              "m_height": "nfm::fs::interface::EFusionHeightClass::HIGH"
            }
          ]
        },
        {
          "nfmPolygonObjectNodes": [
            {
              "m_x": -1.4989843749999636,
              "m_y": 14.505523437499505,
              "m_height": "nfm::fs::interface::EFusionHeightClass::HIGH",
              "comment": "Limiting Object 2, Street Side"
            },
            {
              "m_x": -2.271984375000102,
              "m_y": 14.125523437500306,
              "m_height": "nfm::fs::interface::EFusionHeightClass::HIGH"
            }
          ]
        },
        {
          "nfmPolygonObjectNodes": [
            {
              "m_x": -2.271984375000102,
              "m_y": 14.125523437500306,
              "m_height": "nfm::fs::interface::EFusionHeightClass::HIGH",
              "comment": "Limiting Object 2, Street Side"
            },
            {
              "m_x": -3.045984374999989,
              "m_y": 13.74652343749949,
              "m_height": "nfm::fs::interface::EFusionHeightClass::HIGH"
            }
          ]
        },
        {
          "nfmPolygonObjectNodes": [
            {
              "m_x": -3.045984374999989,
              "m_y": 13.74652343749949,
              "m_height": "nfm::fs::interface::EFusionHeightClass::HIGH",
              "comment": "Limiting Object 2, Street Side"
            },
            {
              "m_x": -3.8189843750001273,
              "m_y": 13.366523437500291,
              "m_height": "nfm::fs::interface::EFusionHeightClass::HIGH"
            }
          ]
        },
        {
          "nfmPolygonObjectNodes": [
            {
              "m_x": -3.8189843750001273,
              "m_y": 13.366523437500291,
              "m_height": "nfm::fs::interface::EFusionHeightClass::HIGH",
              "comment": "Limiting Object 2, Street Side"
            },
            {
              "m_x": -4.218984375000218,
              "m_y": 13.526523437500146,
              "m_height": "nfm::fs::interface::EFusionHeightClass::HIGH"
            }
          ]
        },
        {
          "nfmPolygonObjectNodes": [
            {
              "m_x": -4.218984375000218,
              "m_y": 13.526523437500146,
              "m_height": "nfm::fs::interface::EFusionHeightClass::HIGH",
              "comment": "Limiting Object 2, Street Side"
            },
            {
              "m_x": -4.678984375000255,
              "m_y": 14.346523437499854,
              "m_height": "nfm::fs::interface::EFusionHeightClass::HIGH"
            }
          ]
        },
        {
          "nfmPolygonObjectNodes": [
            {
              "m_x": -4.678984375000255,
              "m_y": 14.346523437499854,
              "m_height": "nfm::fs::interface::EFusionHeightClass::HIGH",
              "comment": "Limiting Object 2, Street Side"
            },
            {
              "m_x": -4.578984374999891,
              "m_y": 14.526523437500146,
              "m_height": "nfm::fs::interface::EFusionHeightClass::HIGH"
            }
          ]
        },
        {
          "nfmPolygonObjectNodes": [
            {
              "m_x": -4.578984374999891,
              "m_y": 14.526523437500146,
              "m_height": "nfm::fs::interface::EFusionHeightClass::HIGH",
              "comment": "Limiting Object 2, Street Side"
            },
            {
              "m_x": -4.7389843750002,
              "m_y": 14.505523437499505,
              "m_height": "nfm::fs::interface::EFusionHeightClass::HIGH"
            }
          ]
        },
        {
          "nfmPolygonObjectNodes": [
            {
              "m_x": -1.1989843750002365,
              "m_y": 14.965523437500451,
              "m_height": "nfm::fs::interface::EFusionHeightClass::HIGH",
              "comment": "Limiting Object 2, Street Side"
            },
            {
              "m_x": -1.1389843749998363,
              "m_y": 15.026523437500146,
              "m_height": "nfm::fs::interface::EFusionHeightClass::HIGH"
            }
          ]
        },
        {
          "nfmPolygonObjectNodes": [
            {
              "m_x": -0.9989843749999636,
              "m_y": 15.125523437500306,
              "m_height": "nfm::fs::interface::EFusionHeightClass::HIGH",
              "comment": "Limiting Object 2, Street Side"
            },
            {
              "m_x": -0.9989843749999636,
              "m_y": 15.146523437500946,
              "m_height": "nfm::fs::interface::EFusionHeightClass::HIGH"
            }
          ]
        },
        {
          "nfmPolygonObjectNodes": [
            {
              "m_x": -0.7989843750001455,
              "m_y": 15.346523437499854,
              "m_height": "nfm::fs::interface::EFusionHeightClass::HIGH",
              "comment": "Limiting Object 2, Street Side"
            },
            {
              "m_x": -0.5989843749998727,
              "m_y": 15.425523437499578,
              "m_height": "nfm::fs::interface::EFusionHeightClass::HIGH"
            }
          ]
        },
        {
          "nfmPolygonObjectNodes": [
            {
              "m_x": -0.5989843749998727,
              "m_y": 15.425523437499578,
              "m_height": "nfm::fs::interface::EFusionHeightClass::HIGH",
              "comment": "Limiting Object 2, Street Side"
            },
            {
              "m_x": -0.6989843750002365,
              "m_y": 15.1865234375,
              "m_height": "nfm::fs::interface::EFusionHeightClass::HIGH"
            }
          ]
        },
        {
          "nfmPolygonObjectNodes": [
            {
              "m_x": -0.6989843750002365,
              "m_y": 15.1865234375,
              "m_height": "nfm::fs::interface::EFusionHeightClass::HIGH",
              "comment": "Limiting Object 2, Street Side"
            },
            {
              "m_x": -0.8189843750001273,
              "m_y": 15.326523437499418,
              "m_height": "nfm::fs::interface::EFusionHeightClass::HIGH"
            }
          ]
        },
        {
          "nfmPolygonObjectNodes": [
            {
              "m_x": -4.538984374999927,
              "m_y": 14.646523437500946,
              "m_height": "nfm::fs::interface::EFusionHeightClass::HIGH",
              "comment": "Limiting Object 2, Street Side"
            },
            {
              "m_x": -4.478984374999982,
              "m_y": 15.24652343749949,
              "m_height": "nfm::fs::interface::EFusionHeightClass::HIGH"
            }
          ]
        },
        {
          "nfmPolygonObjectNodes": [
            {
              "m_x": -4.638984374999836,
              "m_y": 14.625523437500306,
              "m_height": "nfm::fs::interface::EFusionHeightClass::HIGH",
              "comment": "Limiting Object 2, Street Side"
            },
            {
              "m_x": -4.718984375000218,
              "m_y": 14.6865234375,
              "m_height": "nfm::fs::interface::EFusionHeightClass::HIGH"
            }
          ]
        },
        {
          "nfmPolygonObjectNodes": [
            {
              "m_x": -2.0189843749999454,
              "m_y": 16.266523437499927,
              "m_height": "nfm::fs::interface::EFusionHeightClass::HIGH",
              "comment": "Limiting Object 2, Street Side"
            },
            {
              "m_x": -2.651984375000211,
              "m_y": 15.939523437500611,
              "m_height": "nfm::fs::interface::EFusionHeightClass::HIGH"
            }
          ]
        },
        {
          "nfmPolygonObjectNodes": [
            {
              "m_x": -2.651984375000211,
              "m_y": 15.939523437500611,
              "m_height": "nfm::fs::interface::EFusionHeightClass::HIGH",
              "comment": "Limiting Object 2, Street Side"
            },
            {
              "m_x": -3.2859843750002256,
              "m_y": 15.61352343749968,
              "m_height": "nfm::fs::interface::EFusionHeightClass::HIGH"
            }
          ]
        },
        {
          "nfmPolygonObjectNodes": [
            {
              "m_x": -3.2859843750002256,
              "m_y": 15.61352343749968,
              "m_height": "nfm::fs::interface::EFusionHeightClass::HIGH",
              "comment": "Limiting Object 2, Street Side"
            },
            {
              "m_x": -3.9189843750000364,
              "m_y": 15.286523437500364,
              "m_height": "nfm::fs::interface::EFusionHeightClass::HIGH"
            }
          ]
        },
        {
          "nfmPolygonObjectNodes": [
            {
              "m_x": -3.9189843750000364,
              "m_y": 15.286523437500364,
              "m_height": "nfm::fs::interface::EFusionHeightClass::HIGH",
              "comment": "Limiting Object 2, Street Side"
            },
            {
              "m_x": -4.038984374999927,
              "m_y": 15.406523437501164,
              "m_height": "nfm::fs::interface::EFusionHeightClass::HIGH"
            }
          ]
        },
        {
          "nfmPolygonObjectNodes": [
            {
              "m_x": -1.8989843750000546,
              "m_y": 16.226523437500873,
              "m_height": "nfm::fs::interface::EFusionHeightClass::HIGH",
              "comment": "Limiting Object 2, Street Side"
            },
            {
              "m_x": -1.8989843750000546,
              "m_y": 16.24652343749949,
              "m_height": "nfm::fs::interface::EFusionHeightClass::HIGH"
            }
          ]
        },
        {
          "nfmPolygonObjectNodes": [
            {
              "m_x": -1.7989843750001455,
              "m_y": 16.286523437500364,
              "m_height": "nfm::fs::interface::EFusionHeightClass::HIGH",
              "comment": "Limiting Object 2, Street Side"
            },
            {
              "m_x": -0.9789843749999818,
              "m_y": 16.74652343749949,
              "m_height": "nfm::fs::interface::EFusionHeightClass::HIGH"
            }
          ]
        },
        {
          "nfmPolygonObjectNodes": [
            {
              "m_x": -9.478984374999982,
              "m_y": 8.346523437499854,
              "m_height": "nfm::fs::interface::EFusionHeightClass::HIGH",
              "comment": "Limiting Object 2, Street Side"
            },
            {
              "m_x": -8.958984375,
              "m_y": 8.846523437499854,
              "m_height": "nfm::fs::interface::EFusionHeightClass::HIGH"
            }
          ]
        },
        {
          "nfmPolygonObjectNodes": [
            {
              "m_x": -8.958984375,
              "m_y": 8.846523437499854,
              "m_height": "nfm::fs::interface::EFusionHeightClass::HIGH",
              "comment": "Limiting Object 2, Street Side"
            },
            {
              "m_x": -9.348984374999873,
              "m_y": 9.346523437499854,
              "m_height": "nfm::fs::interface::EFusionHeightClass::HIGH"
            }
          ]
        },
        {
          "nfmPolygonObjectNodes": [
            {
              "m_x": -9.348984374999873,
              "m_y": 9.346523437499854,
              "m_height": "nfm::fs::interface::EFusionHeightClass::HIGH",
              "comment": "Limiting Object 2, Street Side"
            },
            {
              "m_x": -9.7389843750002,
              "m_y": 9.846523437499854,
              "m_height": "nfm::fs::interface::EFusionHeightClass::HIGH"
            }
          ]
        },
        {
          "nfmPolygonObjectNodes": [
            {
              "m_x": -9.7389843750002,
              "m_y": 9.846523437499854,
              "m_height": "nfm::fs::interface::EFusionHeightClass::HIGH",
              "comment": "Limiting Object 2, Street Side"
            },
            {
              "m_x": -10.318984375000127,
              "m_y": 9.846523437499854,
              "m_height": "nfm::fs::interface::EFusionHeightClass::HIGH"
            }
          ]
        },
        {
          "nfmPolygonObjectNodes": [
            {
              "m_x": -10.318984375000127,
              "m_y": 9.846523437499854,
              "m_height": "nfm::fs::interface::EFusionHeightClass::HIGH",
              "comment": "Limiting Object 2, Street Side"
            },
            {
              "m_x": -10.598984374999873,
              "m_y": 9.545523437500378,
              "m_height": "nfm::fs::interface::EFusionHeightClass::HIGH"
            }
          ]
        },
        {
          "nfmPolygonObjectNodes": [
            {
              "m_x": -10.598984374999873,
              "m_y": 9.545523437500378,
              "m_height": "nfm::fs::interface::EFusionHeightClass::HIGH",
              "comment": "Limiting Object 2, Street Side"
            },
            {
              "m_x": -10.438984375000018,
              "m_y": 9.446523437500218,
              "m_height": "nfm::fs::interface::EFusionHeightClass::HIGH"
            }
          ]
        },
        {
          "nfmPolygonObjectNodes": [
            {
              "m_x": -10.438984375000018,
              "m_y": 9.446523437500218,
              "m_height": "nfm::fs::interface::EFusionHeightClass::HIGH",
              "comment": "Limiting Object 2, Street Side"
            },
            {
              "m_x": -10.558984374999909,
              "m_y": 9.346523437499854,
              "m_height": "nfm::fs::interface::EFusionHeightClass::HIGH"
            }
          ]
        },
        {
          "nfmPolygonObjectNodes": [
            {
              "m_x": -10.018984374999945,
              "m_y": 8.045523437500378,
              "m_height": "nfm::fs::interface::EFusionHeightClass::HIGH",
              "comment": "Limiting Object 2, Street Side"
            },
            {
              "m_x": -10.2389843750002,
              "m_y": 8.3065234375008,
              "m_height": "nfm::fs::interface::EFusionHeightClass::HIGH"
            }
          ]
        },
        {
          "nfmPolygonObjectNodes": [
            {
              "m_x": -10.378984375000073,
              "m_y": 7.766523437499927,
              "m_height": "nfm::fs::interface::EFusionHeightClass::HIGH",
              "comment": "Limiting Object 2, Street Side"
            },
            {
              "m_x": -10.418984375000036,
              "m_y": 7.986523437501091,
              "m_height": "nfm::fs::interface::EFusionHeightClass::HIGH"
            }
          ]
        },
        {
          "nfmPolygonObjectNodes": [
            {
              "m_x": -10.418984375000036,
              "m_y": 7.986523437501091,
              "m_height": "nfm::fs::interface::EFusionHeightClass::HIGH",
              "comment": "Limiting Object 2, Street Side"
            },
            {
              "m_x": -10.818984375000127,
              "m_y": 8.005523437499505,
              "m_height": "nfm::fs::interface::EFusionHeightClass::HIGH"
            }
          ]
        },
        {
          "nfmPolygonObjectNodes": [
            {
              "m_x": -10.818984375000127,
              "m_y": 8.005523437499505,
              "m_height": "nfm::fs::interface::EFusionHeightClass::HIGH",
              "comment": "Limiting Object 2, Street Side"
            },
            {
              "m_x": -11.218984375000218,
              "m_y": 8.526523437500146,
              "m_height": "nfm::fs::interface::EFusionHeightClass::HIGH"
            }
          ]
        },
        {
          "nfmPolygonObjectNodes": [
            {
              "m_x": -11.218984375000218,
              "m_y": 8.526523437500146,
              "m_height": "nfm::fs::interface::EFusionHeightClass::HIGH",
              "comment": "Limiting Object 2, Street Side"
            },
            {
              "m_x": -10.878984375000073,
              "m_y": 9.24652343749949,
              "m_height": "nfm::fs::interface::EFusionHeightClass::HIGH"
            }
          ]
        },
        {
          "nfmPolygonObjectNodes": [
            {
              "m_x": -9.198984375000236,
              "m_y": 9.446523437500218,
              "m_height": "nfm::fs::interface::EFusionHeightClass::HIGH",
              "comment": "Limiting Object 2, Street Side"
            },
            {
              "m_x": -9.218984375000218,
              "m_y": 9.425523437499578,
              "m_height": "nfm::fs::interface::EFusionHeightClass::HIGH"
            }
          ]
        },
        {
          "nfmPolygonObjectNodes": [
            {
              "m_x": -10.798984375000146,
              "m_y": 7.706523437500437,
              "m_height": "nfm::fs::interface::EFusionHeightClass::HIGH",
              "comment": "Limiting Object 2, Street Side"
            },
            {
              "m_x": -10.998984374999964,
              "m_y": 7.545523437500378,
              "m_height": "nfm::fs::interface::EFusionHeightClass::HIGH"
            }
          ]
        },
        {
          "nfmPolygonObjectNodes": [
            {
              "m_x": -10.698984375000236,
              "m_y": 9.446523437500218,
              "m_height": "nfm::fs::interface::EFusionHeightClass::HIGH",
              "comment": "Limiting Object 2, Street Side"
            },
            {
              "m_x": -11.418984375000036,
              "m_y": 9.425523437499578,
              "m_height": "nfm::fs::interface::EFusionHeightClass::HIGH"
            }
          ]
        },
        {
          "nfmPolygonObjectNodes": [
            {
              "m_x": -11.318984375000127,
              "m_y": 9.045523437500378,
              "m_height": "nfm::fs::interface::EFusionHeightClass::HIGH",
              "comment": "Limiting Object 2, Street Side"
            },
            {
              "m_x": -11.378984375000073,
              "m_y": 8.946523437500218,
              "m_height": "nfm::fs::interface::EFusionHeightClass::HIGH"
            }
          ]
        },
        {
          "nfmPolygonObjectNodes": [
            {
              "m_x": -11.218984375000218,
              "m_y": 9.165523437501179,
              "m_height": "nfm::fs::interface::EFusionHeightClass::HIGH",
              "comment": "Limiting Object 2, Street Side"
            },
            {
              "m_x": -11.178984375000255,
              "m_y": 9.24652343749949,
              "m_height": "nfm::fs::interface::EFusionHeightClass::HIGH"
            }
          ]
        },
        {
          "nfmPolygonObjectNodes": [
            {
              "m_x": -11.518984374999945,
              "m_y": 9.165523437501179,
              "m_height": "nfm::fs::interface::EFusionHeightClass::HIGH",
              "comment": "Limiting Object 2, Street Side"
            },
            {
              "m_x": -11.418984375000036,
              "m_y": 9.3065234375008,
              "m_height": "nfm::fs::interface::EFusionHeightClass::HIGH"
            }
          ]
        },
        {
          "nfmPolygonObjectNodes": [
            {
              "m_x": -11.418984375000036,
              "m_y": 9.3065234375008,
              "m_height": "nfm::fs::interface::EFusionHeightClass::HIGH",
              "comment": "Limiting Object 2, Street Side"
            },
            {
              "m_x": -11.358984375000091,
              "m_y": 9.146523437500946,
              "m_height": "nfm::fs::interface::EFusionHeightClass::HIGH"
            }
          ]
        },
        {
          "nfmPolygonObjectNodes": [
            {
              "m_x": -11.358984375000091,
              "m_y": 9.146523437500946,
              "m_height": "nfm::fs::interface::EFusionHeightClass::HIGH",
              "comment": "Limiting Object 2, Street Side"
            },
            {
              "m_x": -11.518984374999945,
              "m_y": 8.986523437501091,
              "m_height": "nfm::fs::interface::EFusionHeightClass::HIGH"
            }
          ]
        },
        {
          "nfmPolygonObjectNodes": [
            {
              "m_x": -11.518984374999945,
              "m_y": 8.986523437501091,
              "m_height": "nfm::fs::interface::EFusionHeightClass::HIGH",
              "comment": "Limiting Object 2, Street Side"
            },
            {
              "m_x": -12.318984375000127,
              "m_y": 8.846523437499854,
              "m_height": "nfm::fs::interface::EFusionHeightClass::HIGH"
            }
          ]
        },
        {
          "nfmPolygonObjectNodes": [
            {
              "m_x": -11.518984374999945,
              "m_y": 9.346523437499854,
              "m_height": "nfm::fs::interface::EFusionHeightClass::HIGH",
              "comment": "Limiting Object 2, Street Side"
            },
            {
              "m_x": -11.538984374999927,
              "m_y": 9.346523437499854,
              "m_height": "nfm::fs::interface::EFusionHeightClass::HIGH"
            }
          ]
        },
        {
          "nfmPolygonObjectNodes": [
            {
              "m_x": 2.141015624999909,
              "m_y": 10.486523437501091,
              "m_height": "nfm::fs::interface::EFusionHeightClass::HIGH",
              "comment": "Limiting Object 2, Street Side"
            },
            {
              "m_x": 2.161015624999891,
              "m_y": 10.706523437500437,
              "m_height": "nfm::fs::interface::EFusionHeightClass::HIGH"
            }
          ]
        },
        {
          "nfmPolygonObjectNodes": [
            {
              "m_x": -8.498984374999964,
              "m_y": 5.165523437501179,
              "m_height": "nfm::fs::interface::EFusionHeightClass::HIGH",
              "comment": "Limiting Object 2, Street Side"
            },
            {
              "m_x": -8.618984374999854,
              "m_y": 5.106523437500073,
              "m_height": "nfm::fs::interface::EFusionHeightClass::HIGH"
            }
          ]
        },
        {
          "nfmPolygonObjectNodes": [
            {
              "m_x": -8.618984374999854,
              "m_y": 5.106523437500073,
              "m_height": "nfm::fs::interface::EFusionHeightClass::HIGH",
              "comment": "Limiting Object 2, Street Side"
            },
            {
              "m_x": -8.498984374999964,
              "m_y": 4.646523437500946,
              "m_height": "nfm::fs::interface::EFusionHeightClass::HIGH"
            }
          ]
        },
        {
          "nfmPolygonObjectNodes": [
            {
              "m_x": -8.498984374999964,
              "m_y": 4.646523437500946,
              "m_height": "nfm::fs::interface::EFusionHeightClass::HIGH",
              "comment": "Limiting Object 2, Street Side"
            },
            {
              "m_x": -9.21398437500011,
              "m_y": 4.291523437499563,
              "m_height": "nfm::fs::interface::EFusionHeightClass::HIGH"
            }
          ]
        },
        {
          "nfmPolygonObjectNodes": [
            {
              "m_x": -9.21398437500011,
              "m_y": 4.291523437499563,
              "m_height": "nfm::fs::interface::EFusionHeightClass::HIGH",
              "comment": "Limiting Object 2, Street Side"
            },
            {
              "m_x": -9.928984375000255,
              "m_y": 3.9365234375,
              "m_height": "nfm::fs::interface::EFusionHeightClass::HIGH"
            }
          ]
        },
        {
          "nfmPolygonObjectNodes": [
            {
              "m_x": -9.928984375000255,
              "m_y": 3.9365234375,
              "m_height": "nfm::fs::interface::EFusionHeightClass::HIGH",
              "comment": "Limiting Object 2, Street Side"
            },
            {
              "m_x": -10.643984374999945,
              "m_y": 3.5815234375004366,
              "m_height": "nfm::fs::interface::EFusionHeightClass::HIGH"
            }
          ]
        },
        {
          "nfmPolygonObjectNodes": [
            {
              "m_x": -10.643984374999945,
              "m_y": 3.5815234375004366,
              "m_height": "nfm::fs::interface::EFusionHeightClass::HIGH",
              "comment": "Limiting Object 2, Street Side"
            },
            {
              "m_x": -11.358984375000091,
              "m_y": 3.226523437500873,
              "m_height": "nfm::fs::interface::EFusionHeightClass::HIGH"
            }
          ]
        },
        {
          "nfmPolygonObjectNodes": [
            {
              "m_x": -9.438984375000018,
              "m_y": 6.5855234374994325,
              "m_height": "nfm::fs::interface::EFusionHeightClass::HIGH",
              "comment": "Limiting Object 2, Street Side"
            },
            {
              "m_x": -8.798984375000146,
              "m_y": 6.726523437500873,
              "m_height": "nfm::fs::interface::EFusionHeightClass::HIGH"
            }
          ]
        },
        {
          "nfmPolygonObjectNodes": [
            {
              "m_x": -8.798984375000146,
              "m_y": 6.726523437500873,
              "m_height": "nfm::fs::interface::EFusionHeightClass::HIGH",
              "comment": "Limiting Object 2, Street Side"
            },
            {
              "m_x": -8.498984374999964,
              "m_y": 7.045523437500378,
              "m_height": "nfm::fs::interface::EFusionHeightClass::HIGH"
            }
          ]
        },
        {
          "nfmPolygonObjectNodes": [
            {
              "m_x": -8.498984374999964,
              "m_y": 7.045523437500378,
              "m_height": "nfm::fs::interface::EFusionHeightClass::HIGH",
              "comment": "Limiting Object 2, Street Side"
            },
            {
              "m_x": -8.07898437499989,
              "m_y": 7.045523437500378,
              "m_height": "nfm::fs::interface::EFusionHeightClass::HIGH"
            }
          ]
        },
        {
          "nfmPolygonObjectNodes": [
            {
              "m_x": -8.07898437499989,
              "m_y": 7.045523437500378,
              "m_height": "nfm::fs::interface::EFusionHeightClass::HIGH",
              "comment": "Limiting Object 2, Street Side"
            },
            {
              "m_x": -7.538984374999927,
              "m_y": 6.446523437500218,
              "m_height": "nfm::fs::interface::EFusionHeightClass::HIGH"
            }
          ]
        },
        {
          "nfmPolygonObjectNodes": [
            {
              "m_x": -7.538984374999927,
              "m_y": 6.446523437500218,
              "m_height": "nfm::fs::interface::EFusionHeightClass::HIGH",
              "comment": "Limiting Object 2, Street Side"
            },
            {
              "m_x": -7.358984375000091,
              "m_y": 5.8465234374998545,
              "m_height": "nfm::fs::interface::EFusionHeightClass::HIGH"
            }
          ]
        },
        {
          "nfmPolygonObjectNodes": [
            {
              "m_x": -7.358984375000091,
              "m_y": 5.8465234374998545,
              "m_height": "nfm::fs::interface::EFusionHeightClass::HIGH",
              "comment": "Limiting Object 2, Street Side"
            },
            {
              "m_x": -7.538984374999927,
              "m_y": 5.746523437499491,
              "m_height": "nfm::fs::interface::EFusionHeightClass::HIGH"
            }
          ]
        },
        {
          "nfmPolygonObjectNodes": [
            {
              "m_x": -9.33898437500011,
              "m_y": 6.8065234375008,
              "m_height": "nfm::fs::interface::EFusionHeightClass::HIGH",
              "comment": "Limiting Object 2, Street Side"
            },
            {
              "m_x": -9.438984375000018,
              "m_y": 6.906523437501164,
              "m_height": "nfm::fs::interface::EFusionHeightClass::HIGH"
            }
          ]
        },
        {
          "nfmPolygonObjectNodes": [
            {
              "m_x": -9.438984375000018,
              "m_y": 6.906523437501164,
              "m_height": "nfm::fs::interface::EFusionHeightClass::HIGH",
              "comment": "Limiting Object 2, Street Side"
            },
            {
              "m_x": -9.278984375000164,
              "m_y": 7.005523437499505,
              "m_height": "nfm::fs::interface::EFusionHeightClass::HIGH"
            }
          ]
        },
        {
          "nfmPolygonObjectNodes": [
            {
              "m_x": -9.278984375000164,
              "m_y": 7.005523437499505,
              "m_height": "nfm::fs::interface::EFusionHeightClass::HIGH",
              "comment": "Limiting Object 2, Street Side"
            },
            {
              "m_x": -9.558984374999909,
              "m_y": 7.446523437500218,
              "m_height": "nfm::fs::interface::EFusionHeightClass::HIGH"
            }
          ]
        },
        {
          "nfmPolygonObjectNodes": [
            {
              "m_x": -9.558984374999909,
              "m_y": 7.446523437500218,
              "m_height": "nfm::fs::interface::EFusionHeightClass::HIGH",
              "comment": "Limiting Object 2, Street Side"
            },
            {
              "m_x": -9.478984374999982,
              "m_y": 7.746523437499491,
              "m_height": "nfm::fs::interface::EFusionHeightClass::HIGH"
            }
          ]
        },
        {
          "nfmPolygonObjectNodes": [
            {
              "m_x": -9.798984375000146,
              "m_y": 6.406523437501164,
              "m_height": "nfm::fs::interface::EFusionHeightClass::HIGH",
              "comment": "Limiting Object 2, Street Side"
            },
            {
              "m_x": -10.428984375000255,
              "m_y": 6.0965234374998545,
              "m_height": "nfm::fs::interface::EFusionHeightClass::HIGH"
            }
          ]
        },
        {
          "nfmPolygonObjectNodes": [
            {
              "m_x": -10.428984375000255,
              "m_y": 6.0965234374998545,
              "m_height": "nfm::fs::interface::EFusionHeightClass::HIGH",
              "comment": "Limiting Object 2, Street Side"
            },
            {
              "m_x": -11.058984374999909,
              "m_y": 5.786523437500364,
              "m_height": "nfm::fs::interface::EFusionHeightClass::HIGH"
            }
          ]
        },
        {
          "nfmPolygonObjectNodes": [
            {
              "m_x": -11.058984374999909,
              "m_y": 5.786523437500364,
              "m_height": "nfm::fs::interface::EFusionHeightClass::HIGH",
              "comment": "Limiting Object 2, Street Side"
            },
            {
              "m_x": -11.688984375000018,
              "m_y": 5.475523437500669,
              "m_height": "nfm::fs::interface::EFusionHeightClass::HIGH"
            }
          ]
        },
        {
          "nfmPolygonObjectNodes": [
            {
              "m_x": -11.688984375000018,
              "m_y": 5.475523437500669,
              "m_height": "nfm::fs::interface::EFusionHeightClass::HIGH",
              "comment": "Limiting Object 2, Street Side"
            },
            {
              "m_x": -12.318984375000127,
              "m_y": 5.165523437501179,
              "m_height": "nfm::fs::interface::EFusionHeightClass::HIGH"
            }
          ]
        },
        {
          "nfmPolygonObjectNodes": [
            {
              "m_x": 8.681015624999873,
              "m_y": -2.633476562499709,
              "m_height": "nfm::fs::interface::EFusionHeightClass::HIGH",
              "comment": "Limiting Object 2, Street Side"
            },
            {
              "m_x": 9.141015624999909,
              "m_y": -2.413476562500364,
              "m_height": "nfm::fs::interface::EFusionHeightClass::HIGH"
            }
          ]
        },
        {
          "nfmPolygonObjectNodes": [
            {
              "m_x": 9.141015624999909,
              "m_y": -2.413476562500364,
              "m_height": "nfm::fs::interface::EFusionHeightClass::HIGH",
              "comment": "Limiting Object 2, Street Side"
            },
            {
              "m_x": 9.601015624999945,
              "m_y": -2.1934765624991996,
              "m_height": "nfm::fs::interface::EFusionHeightClass::HIGH"
            }
          ]
        },
        {
          "nfmPolygonObjectNodes": [
            {
              "m_x": 8.901015625000127,
              "m_y": -0.9544765624996217,
              "m_height": "nfm::fs::interface::EFusionHeightClass::HIGH",
              "comment": "Limiting Object 2, Street Side"
            },
            {
              "m_x": 8.961015625000073,
              "m_y": -1.2534765625005093,
              "m_height": "nfm::fs::interface::EFusionHeightClass::HIGH"
            }
          ]
        },
        {
          "nfmPolygonObjectNodes": [
            {
              "m_x": -1.9989843749999636,
              "m_y": 9.346523437499854,
              "m_height": "nfm::fs::interface::EFusionHeightClass::HIGH",
              "comment": "Limiting Object 2, Street Side"
            },
            {
              "m_x": -1.9189843750000364,
              "m_y": 8.766523437499927,
              "m_height": "nfm::fs::interface::EFusionHeightClass::HIGH"
            }
          ]
        },
        {
          "nfmPolygonObjectNodes": [
            {
              "m_x": -1.9189843750000364,
              "m_y": 8.766523437499927,
              "m_height": "nfm::fs::interface::EFusionHeightClass::HIGH",
              "comment": "Limiting Object 2, Street Side"
            },
            {
              "m_x": -1.3989843750000546,
              "m_y": 8.1865234375,
              "m_height": "nfm::fs::interface::EFusionHeightClass::HIGH"
            }
          ]
        },
        {
          "nfmPolygonObjectNodes": [
            {
              "m_x": -1.3989843750000546,
              "m_y": 8.1865234375,
              "m_height": "nfm::fs::interface::EFusionHeightClass::HIGH",
              "comment": "Limiting Object 2, Street Side"
            },
            {
              "m_x": -0.7229843750001237,
              "m_y": 8.526523437500146,
              "m_height": "nfm::fs::interface::EFusionHeightClass::HIGH"
            }
          ]
        },
        {
          "nfmPolygonObjectNodes": [
            {
              "m_x": -0.7229843750001237,
              "m_y": 8.526523437500146,
              "m_height": "nfm::fs::interface::EFusionHeightClass::HIGH",
              "comment": "Limiting Object 2, Street Side"
            },
            {
              "m_x": -0.04698437500019281,
              "m_y": 8.866523437500291,
              "m_height": "nfm::fs::interface::EFusionHeightClass::HIGH"
            }
          ]
        },
        {
          "nfmPolygonObjectNodes": [
            {
              "m_x": -0.04698437500019281,
              "m_y": 8.866523437500291,
              "m_height": "nfm::fs::interface::EFusionHeightClass::HIGH",
              "comment": "Limiting Object 2, Street Side"
            },
            {
              "m_x": 0.6290156249997381,
              "m_y": 9.206523437500437,
              "m_height": "nfm::fs::interface::EFusionHeightClass::HIGH"
            }
          ]
        },
        {
          "nfmPolygonObjectNodes": [
            {
              "m_x": 0.6290156249997381,
              "m_y": 9.206523437500437,
              "m_height": "nfm::fs::interface::EFusionHeightClass::HIGH",
              "comment": "Limiting Object 2, Street Side"
            },
            {
              "m_x": 1.3050156250001237,
              "m_y": 9.545523437500378,
              "m_height": "nfm::fs::interface::EFusionHeightClass::HIGH"
            }
          ]
        },
        {
          "nfmPolygonObjectNodes": [
            {
              "m_x": 1.3050156250001237,
              "m_y": 9.545523437500378,
              "m_height": "nfm::fs::interface::EFusionHeightClass::HIGH",
              "comment": "Limiting Object 2, Street Side"
            },
            {
              "m_x": 1.9810156250000546,
              "m_y": 9.885523437500524,
              "m_height": "nfm::fs::interface::EFusionHeightClass::HIGH"
            }
          ]
        },
        {
          "nfmPolygonObjectNodes": [
            {
              "m_x": 1.9810156250000546,
              "m_y": 9.885523437500524,
              "m_height": "nfm::fs::interface::EFusionHeightClass::HIGH",
              "comment": "Limiting Object 2, Street Side"
            },
            {
              "m_x": 1.6880156249999345,
              "m_y": 10.458523437500844,
              "m_height": "nfm::fs::interface::EFusionHeightClass::HIGH"
            }
          ]
        },
        {
          "nfmPolygonObjectNodes": [
            {
              "m_x": 1.6880156249999345,
              "m_y": 10.458523437500844,
              "m_height": "nfm::fs::interface::EFusionHeightClass::HIGH",
              "comment": "Limiting Object 2, Street Side"
            },
            {
              "m_x": 1.3940156250000655,
              "m_y": 11.033523437499753,
              "m_height": "nfm::fs::interface::EFusionHeightClass::HIGH"
            }
          ]
        },
        {
          "nfmPolygonObjectNodes": [
            {
              "m_x": 1.3940156250000655,
              "m_y": 11.033523437499753,
              "m_height": "nfm::fs::interface::EFusionHeightClass::HIGH",
              "comment": "Limiting Object 2, Street Side"
            },
            {
              "m_x": 1.1010156249999454,
              "m_y": 11.606523437500073,
              "m_height": "nfm::fs::interface::EFusionHeightClass::HIGH"
            }
          ]
        },
        {
          "nfmPolygonObjectNodes": [
            {
              "m_x": 1.1010156249999454,
              "m_y": 11.606523437500073,
              "m_height": "nfm::fs::interface::EFusionHeightClass::HIGH",
              "comment": "Limiting Object 2, Street Side"
            },
            {
              "m_x": 0.3880156249997526,
              "m_y": 11.24652343749949,
              "m_height": "nfm::fs::interface::EFusionHeightClass::HIGH"
            }
          ]
        },
        {
          "nfmPolygonObjectNodes": [
            {
              "m_x": 0.3880156249997526,
              "m_y": 11.24652343749949,
              "m_height": "nfm::fs::interface::EFusionHeightClass::HIGH",
              "comment": "Limiting Object 2, Street Side"
            },
            {
              "m_x": -0.32498437499998545,
              "m_y": 10.886523437500728,
              "m_height": "nfm::fs::interface::EFusionHeightClass::HIGH"
            }
          ]
        },
        {
          "nfmPolygonObjectNodes": [
            {
              "m_x": -0.32498437499998545,
              "m_y": 10.886523437500728,
              "m_height": "nfm::fs::interface::EFusionHeightClass::HIGH",
              "comment": "Limiting Object 2, Street Side"
            },
            {
              "m_x": -1.0389843749999272,
              "m_y": 10.526523437500146,
              "m_height": "nfm::fs::interface::EFusionHeightClass::HIGH"
            }
          ]
        },
        {
          "nfmPolygonObjectNodes": [
            {
              "m_x": -2.1189843749998545,
              "m_y": 9.346523437499854,
              "m_height": "nfm::fs::interface::EFusionHeightClass::HIGH",
              "comment": "Limiting Object 2, Street Side"
            },
            {
              "m_x": -2.0389843749999272,
              "m_y": 9.545523437500378,
              "m_height": "nfm::fs::interface::EFusionHeightClass::HIGH"
            }
          ]
        },
        {
          "nfmPolygonObjectNodes": [
            {
              "m_x": -1.6189843749998545,
              "m_y": 10.066523437501019,
              "m_height": "nfm::fs::interface::EFusionHeightClass::HIGH",
              "comment": "Limiting Object 2, Street Side"
            },
            {
              "m_x": -1.358984375000091,
              "m_y": 10.226523437500873,
              "m_height": "nfm::fs::interface::EFusionHeightClass::HIGH"
            }
          ]
        },
        {
          "nfmPolygonObjectNodes": [
            {
              "m_x": -1.358984375000091,
              "m_y": 10.226523437500873,
              "m_height": "nfm::fs::interface::EFusionHeightClass::HIGH",
              "comment": "Limiting Object 2, Street Side"
            },
            {
              "m_x": -1.4389843750000182,
              "m_y": 10.425523437499578,
              "m_height": "nfm::fs::interface::EFusionHeightClass::HIGH"
            }
          ]
        },
        {
          "nfmPolygonObjectNodes": [
            {
              "m_x": -2.158984374999818,
              "m_y": 9.965523437500451,
              "m_height": "nfm::fs::interface::EFusionHeightClass::HIGH",
              "comment": "Limiting Object 2, Street Side"
            },
            {
              "m_x": -1.858984375000091,
              "m_y": 10.045523437500378,
              "m_height": "nfm::fs::interface::EFusionHeightClass::HIGH"
            }
          ]
        },
        {
          "nfmPolygonObjectNodes": [
            {
              "m_x": -1.5389843749999272,
              "m_y": 10.366523437500291,
              "m_height": "nfm::fs::interface::EFusionHeightClass::HIGH",
              "comment": "Limiting Object 2, Street Side"
            },
            {
              "m_x": -1.7189843750002183,
              "m_y": 10.1865234375,
              "m_height": "nfm::fs::interface::EFusionHeightClass::HIGH"
            }
          ]
        },
        {
          "nfmPolygonObjectNodes": [
            {
              "m_x": -1.8989843750000546,
              "m_y": 10.206523437500437,
              "m_height": "nfm::fs::interface::EFusionHeightClass::HIGH",
              "comment": "Limiting Object 2, Street Side"
            },
            {
              "m_x": -2.1789843750002547,
              "m_y": 10.645523437500742,
              "m_height": "nfm::fs::interface::EFusionHeightClass::HIGH"
            }
          ]
        },
        {
          "nfmPolygonObjectNodes": [
            {
              "m_x": -2.1789843750002547,
              "m_y": 10.645523437500742,
              "m_height": "nfm::fs::interface::EFusionHeightClass::HIGH",
              "comment": "Limiting Object 2, Street Side"
            },
            {
              "m_x": -2.458984375,
              "m_y": 11.085523437499432,
              "m_height": "nfm::fs::interface::EFusionHeightClass::HIGH"
            }
          ]
        },
        {
          "nfmPolygonObjectNodes": [
            {
              "m_x": -1.9389843750000182,
              "m_y": 11.326523437499418,
              "m_height": "nfm::fs::interface::EFusionHeightClass::HIGH",
              "comment": "Limiting Object 2, Street Side"
            },
            {
              "m_x": -2.0189843749999454,
              "m_y": 11.346523437499854,
              "m_height": "nfm::fs::interface::EFusionHeightClass::HIGH"
            }
          ]
        },
        {
          "nfmPolygonObjectNodes": [
            {
              "m_x": -1.1189843749998545,
              "m_y": 7.266523437499927,
              "m_height": "nfm::fs::interface::EFusionHeightClass::HIGH",
              "comment": "Limiting Object 2, Street Side"
            },
            {
              "m_x": -1.0789843749998909,
              "m_y": 7.3465234374998545,
              "m_height": "nfm::fs::interface::EFusionHeightClass::HIGH"
            }
          ]
        },
        {
          "nfmPolygonObjectNodes": [
            {
              "m_x": -1.2389843750002,
              "m_y": 7.3465234374998545,
              "m_height": "nfm::fs::interface::EFusionHeightClass::HIGH",
              "comment": "Limiting Object 2, Street Side"
            },
            {
              "m_x": -1.1789843750002547,
              "m_y": 7.406523437501164,
              "m_height": "nfm::fs::interface::EFusionHeightClass::HIGH"
            }
          ]
        },
        {
          "nfmPolygonObjectNodes": [
            {
              "m_x": -1.1789843750002547,
              "m_y": 7.505523437499505,
              "m_height": "nfm::fs::interface::EFusionHeightClass::HIGH",
              "comment": "Limiting Object 2, Street Side"
            },
            {
              "m_x": -0.6589843749998181,
              "m_y": 7.646523437500946,
              "m_height": "nfm::fs::interface::EFusionHeightClass::HIGH"
            }
          ]
        },
        {
          "nfmPolygonObjectNodes": [
            {
              "m_x": -0.6589843749998181,
              "m_y": 7.646523437500946,
              "m_height": "nfm::fs::interface::EFusionHeightClass::HIGH",
              "comment": "Limiting Object 2, Street Side"
            },
            {
              "m_x": 0.04601562500010914,
              "m_y": 8.016523437499927,
              "m_height": "nfm::fs::interface::EFusionHeightClass::HIGH"
            }
          ]
        },
        {
          "nfmPolygonObjectNodes": [
            {
              "m_x": 0.04601562500010914,
              "m_y": 8.016523437499927,
              "m_height": "nfm::fs::interface::EFusionHeightClass::HIGH",
              "comment": "Limiting Object 2, Street Side"
            },
            {
              "m_x": 0.7510156250000364,
              "m_y": 8.385523437500524,
              "m_height": "nfm::fs::interface::EFusionHeightClass::HIGH"
            }
          ]
        },
        {
          "nfmPolygonObjectNodes": [
            {
              "m_x": 0.7510156250000364,
              "m_y": 8.385523437500524,
              "m_height": "nfm::fs::interface::EFusionHeightClass::HIGH",
              "comment": "Limiting Object 2, Street Side"
            },
            {
              "m_x": 1.4560156249999636,
              "m_y": 8.755523437499505,
              "m_height": "nfm::fs::interface::EFusionHeightClass::HIGH"
            }
          ]
        },
        {
          "nfmPolygonObjectNodes": [
            {
              "m_x": 1.4560156249999636,
              "m_y": 8.755523437499505,
              "m_height": "nfm::fs::interface::EFusionHeightClass::HIGH",
              "comment": "Limiting Object 2, Street Side"
            },
            {
              "m_x": 2.161015624999891,
              "m_y": 9.125523437500306,
              "m_height": "nfm::fs::interface::EFusionHeightClass::HIGH"
            }
          ]
        },
        {
          "nfmPolygonObjectNodes": [
            {
              "m_x": -3.7789843750001637,
              "m_y": -6.034476562499549,
              "m_height": "nfm::fs::interface::EFusionHeightClass::HIGH",
              "comment": "Limiting Object 2, Street Side"
            },
            {
              "m_x": -4.428984375000255,
              "m_y": -6.298476562500582,
              "m_height": "nfm::fs::interface::EFusionHeightClass::HIGH"
            }
          ]
        },
        {
          "nfmPolygonObjectNodes": [
            {
              "m_x": -4.428984375000255,
              "m_y": -6.298476562500582,
              "m_height": "nfm::fs::interface::EFusionHeightClass::HIGH",
              "comment": "Limiting Object 2, Street Side"
            },
            {
              "m_x": -5.078984374999891,
              "m_y": -6.5634765625,
              "m_height": "nfm::fs::interface::EFusionHeightClass::HIGH"
            }
          ]
        },
        {
          "nfmPolygonObjectNodes": [
            {
              "m_x": -5.078984374999891,
              "m_y": -6.5634765625,
              "m_height": "nfm::fs::interface::EFusionHeightClass::HIGH",
              "comment": "Limiting Object 2, Street Side"
            },
            {
              "m_x": -5.728984374999982,
              "m_y": -6.829476562499622,
              "m_height": "nfm::fs::interface::EFusionHeightClass::HIGH"
            }
          ]
        },
        {
          "nfmPolygonObjectNodes": [
            {
              "m_x": -5.728984374999982,
              "m_y": -6.829476562499622,
              "m_height": "nfm::fs::interface::EFusionHeightClass::HIGH",
              "comment": "Limiting Object 2, Street Side"
            },
            {
              "m_x": -6.378984375000073,
              "m_y": -7.093476562498836,
              "m_height": "nfm::fs::interface::EFusionHeightClass::HIGH"
            }
          ]
        },
        {
          "nfmPolygonObjectNodes": [
            {
              "m_x": -6.378984375000073,
              "m_y": 2.7065234375004366,
              "m_height": "nfm::fs::interface::EFusionHeightClass::HIGH",
              "comment": "Limiting Object 2, Street Side"
            },
            {
              "m_x": -7.022984374999851,
              "m_y": 2.35852343750048,
              "m_height": "nfm::fs::interface::EFusionHeightClass::HIGH"
            }
          ]
        },
        {
          "nfmPolygonObjectNodes": [
            {
              "m_x": -7.022984374999851,
              "m_y": 2.35852343750048,
              "m_height": "nfm::fs::interface::EFusionHeightClass::HIGH",
              "comment": "Limiting Object 2, Street Side"
            },
            {
              "m_x": -7.666984375000084,
              "m_y": 2.00952343750032,
              "m_height": "nfm::fs::interface::EFusionHeightClass::HIGH"
            }
          ]
        },
        {
          "nfmPolygonObjectNodes": [
            {
              "m_x": -7.666984375000084,
              "m_y": 2.00952343750032,
              "m_height": "nfm::fs::interface::EFusionHeightClass::HIGH",
              "comment": "Limiting Object 2, Street Side"
            },
            {
              "m_x": -8.310984374999862,
              "m_y": 1.6625234375005675,
              "m_height": "nfm::fs::interface::EFusionHeightClass::HIGH"
            }
          ]
        },
        {
          "nfmPolygonObjectNodes": [
            {
              "m_x": -8.310984374999862,
              "m_y": 1.6625234375005675,
              "m_height": "nfm::fs::interface::EFusionHeightClass::HIGH",
              "comment": "Limiting Object 2, Street Side"
            },
            {
              "m_x": -8.954984375000095,
              "m_y": 1.3135234375004075,
              "m_height": "nfm::fs::interface::EFusionHeightClass::HIGH"
            }
          ]
        },
        {
          "nfmPolygonObjectNodes": [
            {
              "m_x": -8.954984375000095,
              "m_y": 1.3135234375004075,
              "m_height": "nfm::fs::interface::EFusionHeightClass::HIGH",
              "comment": "Limiting Object 2, Street Side"
            },
            {
              "m_x": -9.598984374999873,
              "m_y": 0.9655234375004511,
              "m_height": "nfm::fs::interface::EFusionHeightClass::HIGH"
            }
          ]
        },
        {
          "nfmPolygonObjectNodes": [
            {
              "m_x": -6.2389843750002,
              "m_y": 0.6255234375003056,
              "m_height": "nfm::fs::interface::EFusionHeightClass::HIGH",
              "comment": "Limiting Object 2, Street Side"
            },
            {
              "m_x": -6.853984374999982,
              "m_y": 0.29552343750037835,
              "m_height": "nfm::fs::interface::EFusionHeightClass::HIGH"
            }
          ]
        },
        {
          "nfmPolygonObjectNodes": [
            {
              "m_x": -6.853984374999982,
              "m_y": 0.29552343750037835,
              "m_height": "nfm::fs::interface::EFusionHeightClass::HIGH",
              "comment": "Limiting Object 2, Street Side"
            },
            {
              "m_x": -7.468984375000218,
              "m_y": -0.03447656249954889,
              "m_height": "nfm::fs::interface::EFusionHeightClass::HIGH"
            }
          ]
        },
        {
          "nfmPolygonObjectNodes": [
            {
              "m_x": -7.468984375000218,
              "m_y": -0.03447656249954889,
              "m_height": "nfm::fs::interface::EFusionHeightClass::HIGH",
              "comment": "Limiting Object 2, Street Side"
            },
            {
              "m_x": -8.083984375,
              "m_y": -0.3634765624992724,
              "m_height": "nfm::fs::interface::EFusionHeightClass::HIGH"
            }
          ]
        },
        {
          "nfmPolygonObjectNodes": [
            {
              "m_x": -8.083984375,
              "m_y": -0.3634765624992724,
              "m_height": "nfm::fs::interface::EFusionHeightClass::HIGH",
              "comment": "Limiting Object 2, Street Side"
            },
            {
              "m_x": -8.698984375000236,
              "m_y": -0.6934765624991996,
              "m_height": "nfm::fs::interface::EFusionHeightClass::HIGH"
            }
          ]
        },
        {
          "nfmPolygonObjectNodes": [
            {
              "m_x": -4.2389843750002,
              "m_y": -4.173476562500582,
              "m_height": "nfm::fs::interface::EFusionHeightClass::HIGH",
              "comment": "Limiting Object 2, Street Side"
            },
            {
              "m_x": -4.418984375000036,
              "m_y": -4.374476562499694,
              "m_height": "nfm::fs::interface::EFusionHeightClass::HIGH"
            }
          ]
        },
        {
          "nfmPolygonObjectNodes": [
            {
              "m_x": -4.498984374999964,
              "m_y": -4.273476562499127,
              "m_height": "nfm::fs::interface::EFusionHeightClass::HIGH",
              "comment": "Limiting Object 2, Street Side"
            },
            {
              "m_x": -5.148984375000055,
              "m_y": -4.538476562500364,
              "m_height": "nfm::fs::interface::EFusionHeightClass::HIGH"
            }
          ]
        },
        {
          "nfmPolygonObjectNodes": [
            {
              "m_x": -5.148984375000055,
              "m_y": -4.538476562500364,
              "m_height": "nfm::fs::interface::EFusionHeightClass::HIGH",
              "comment": "Limiting Object 2, Street Side"
            },
            {
              "m_x": -5.7989843750001455,
              "m_y": -4.803476562499782,
              "m_height": "nfm::fs::interface::EFusionHeightClass::HIGH"
            }
          ]
        },
        {
          "nfmPolygonObjectNodes": [
            {
              "m_x": -5.7989843750001455,
              "m_y": -4.803476562499782,
              "m_height": "nfm::fs::interface::EFusionHeightClass::HIGH",
              "comment": "Limiting Object 2, Street Side"
            },
            {
              "m_x": -6.4489843750002365,
              "m_y": -5.069476562499403,
              "m_height": "nfm::fs::interface::EFusionHeightClass::HIGH"
            }
          ]
        },
        {
          "nfmPolygonObjectNodes": [
            {
              "m_x": -6.4489843750002365,
              "m_y": -5.069476562499403,
              "m_height": "nfm::fs::interface::EFusionHeightClass::HIGH",
              "comment": "Limiting Object 2, Street Side"
            },
            {
              "m_x": -7.098984374999873,
              "m_y": -5.334476562498821,
              "m_height": "nfm::fs::interface::EFusionHeightClass::HIGH"
            }
          ]
        },
        {
          "nfmPolygonObjectNodes": [
            {
              "m_x": -5.818984375000127,
              "m_y": 1.1865234375,
              "m_height": "nfm::fs::interface::EFusionHeightClass::HIGH",
              "comment": "Limiting Object 2, Street Side"
            },
            {
              "m_x": -5.358984375000091,
              "m_y": 1.4465234375002183,
              "m_height": "nfm::fs::interface::EFusionHeightClass::HIGH"
            }
          ]
        },
        {
          "nfmPolygonObjectNodes": [
            {
              "m_x": -5.358984375000091,
              "m_y": 1.4465234375002183,
              "m_height": "nfm::fs::interface::EFusionHeightClass::HIGH",
              "comment": "Limiting Object 2, Street Side"
            },
            {
              "m_x": -5.2989843750001455,
              "m_y": 1.7265234375008731,
              "m_height": "nfm::fs::interface::EFusionHeightClass::HIGH"
            }
          ]
        },
        {
          "nfmPolygonObjectNodes": [
            {
              "m_x": -5.2989843750001455,
              "m_y": 1.7265234375008731,
              "m_height": "nfm::fs::interface::EFusionHeightClass::HIGH",
              "comment": "Limiting Object 2, Street Side"
            },
            {
              "m_x": -5.5489843750001455,
              "m_y": 2.1765234374997817,
              "m_height": "nfm::fs::interface::EFusionHeightClass::HIGH"
            }
          ]
        },
        {
          "nfmPolygonObjectNodes": [
            {
              "m_x": -5.5489843750001455,
              "m_y": 2.1765234374997817,
              "m_height": "nfm::fs::interface::EFusionHeightClass::HIGH",
              "comment": "Limiting Object 2, Street Side"
            },
            {
              "m_x": -5.7989843750001455,
              "m_y": 2.6255234375003056,
              "m_height": "nfm::fs::interface::EFusionHeightClass::HIGH"
            }
          ]
        },
        {
          "nfmPolygonObjectNodes": [
            {
              "m_x": -5.838984375000109,
              "m_y": 1.0455234375003783,
              "m_height": "nfm::fs::interface::EFusionHeightClass::HIGH",
              "comment": "Limiting Object 2, Street Side"
            },
            {
              "m_x": -5.938984375000018,
              "m_y": 1.1465234375009459,
              "m_height": "nfm::fs::interface::EFusionHeightClass::HIGH"
            }
          ]
        },
        {
          "nfmPolygonObjectNodes": [
            {
              "m_x": -5.398984375000055,
              "m_y": -0.6934765624991996,
              "m_height": "nfm::fs::interface::EFusionHeightClass::HIGH",
              "comment": "Limiting Object 2, Street Side"
            },
            {
              "m_x": -6.018984374999945,
              "m_y": -1.0184765624999272,
              "m_height": "nfm::fs::interface::EFusionHeightClass::HIGH"
            }
          ]
        },
        {
          "nfmPolygonObjectNodes": [
            {
              "m_x": -6.018984374999945,
              "m_y": -1.0184765624999272,
              "m_height": "nfm::fs::interface::EFusionHeightClass::HIGH",
              "comment": "Limiting Object 2, Street Side"
            },
            {
              "m_x": -6.638984374999836,
              "m_y": -1.3434765624988358,
              "m_height": "nfm::fs::interface::EFusionHeightClass::HIGH"
            }
          ]
        },
        {
          "nfmPolygonObjectNodes": [
            {
              "m_x": -6.638984374999836,
              "m_y": -1.3434765624988358,
              "m_height": "nfm::fs::interface::EFusionHeightClass::HIGH",
              "comment": "Limiting Object 2, Street Side"
            },
            {
              "m_x": -7.258984375000182,
              "m_y": -1.6684765624995634,
              "m_height": "nfm::fs::interface::EFusionHeightClass::HIGH"
            }
          ]
        },
        {
          "nfmPolygonObjectNodes": [
            {
              "m_x": -7.258984375000182,
              "m_y": -1.6684765624995634,
              "m_height": "nfm::fs::interface::EFusionHeightClass::HIGH",
              "comment": "Limiting Object 2, Street Side"
            },
            {
              "m_x": -7.878984375000073,
              "m_y": -1.9944765625004948,
              "m_height": "nfm::fs::interface::EFusionHeightClass::HIGH"
            }
          ]
        },
        {
          "nfmPolygonObjectNodes": [
            {
              "m_x": 0.48101562500005457,
              "m_y": 5.406523437501164,
              "m_height": "nfm::fs::interface::EFusionHeightClass::HIGH",
              "comment": "Limiting Object 2, Street Side"
            },
            {
              "m_x": 0.7410156249998181,
              "m_y": 5.5265234375001455,
              "m_height": "nfm::fs::interface::EFusionHeightClass::HIGH"
            }
          ]
        },
        {
          "nfmPolygonObjectNodes": [
            {
              "m_x": 0.7410156249998181,
              "m_y": 5.5265234375001455,
              "m_height": "nfm::fs::interface::EFusionHeightClass::HIGH",
              "comment": "Limiting Object 2, Street Side"
            },
            {
              "m_x": 0.8610156250001637,
              "m_y": 5.826523437499418,
              "m_height": "nfm::fs::interface::EFusionHeightClass::HIGH"
            }
          ]
        },
        {
          "nfmPolygonObjectNodes": [
            {
              "m_x": 0.8610156250001637,
              "m_y": 5.826523437499418,
              "m_height": "nfm::fs::interface::EFusionHeightClass::HIGH",
              "comment": "Limiting Object 2, Street Side"
            },
            {
              "m_x": 1.5060156250001455,
              "m_y": 6.106523437500073,
              "m_height": "nfm::fs::interface::EFusionHeightClass::HIGH"
            }
          ]
        },
        {
          "nfmPolygonObjectNodes": [
            {
              "m_x": 1.5060156250001455,
              "m_y": 6.106523437500073,
              "m_height": "nfm::fs::interface::EFusionHeightClass::HIGH",
              "comment": "Limiting Object 2, Street Side"
            },
            {
              "m_x": 2.1510156250001273,
              "m_y": 6.385523437500524,
              "m_height": "nfm::fs::interface::EFusionHeightClass::HIGH"
            }
          ]
        },
        {
          "nfmPolygonObjectNodes": [
            {
              "m_x": 2.1510156250001273,
              "m_y": 6.385523437500524,
              "m_height": "nfm::fs::interface::EFusionHeightClass::HIGH",
              "comment": "Limiting Object 2, Street Side"
            },
            {
              "m_x": 2.796015625000109,
              "m_y": 6.665523437501179,
              "m_height": "nfm::fs::interface::EFusionHeightClass::HIGH"
            }
          ]
        },
        {
          "nfmPolygonObjectNodes": [
            {
              "m_x": 2.796015625000109,
              "m_y": 6.665523437501179,
              "m_height": "nfm::fs::interface::EFusionHeightClass::HIGH",
              "comment": "Limiting Object 2, Street Side"
            },
            {
              "m_x": 3.441015625000091,
              "m_y": 6.946523437500218,
              "m_height": "nfm::fs::interface::EFusionHeightClass::HIGH"
            }
          ]
        },
        {
          "nfmPolygonObjectNodes": [
            {
              "m_x": 0.02101562500001819,
              "m_y": 5.5265234375001455,
              "m_height": "nfm::fs::interface::EFusionHeightClass::HIGH",
              "comment": "Limiting Object 2, Street Side"
            },
            {
              "m_x": -0.33898437500010914,
              "m_y": 5.665523437501179,
              "m_height": "nfm::fs::interface::EFusionHeightClass::HIGH"
            }
          ]
        },
        {
          "nfmPolygonObjectNodes": [
            {
              "m_x": 3.7010156249998545,
              "m_y": 7.8465234374998545,
              "m_height": "nfm::fs::interface::EFusionHeightClass::HIGH",
              "comment": "Limiting Object 2, Street Side"
            },
            {
              "m_x": 3.3810156250001455,
              "m_y": 7.8065234375008,
              "m_height": "nfm::fs::interface::EFusionHeightClass::HIGH"
            }
          ]
        },
        {
          "nfmPolygonObjectNodes": [
            {
              "m_x": 3.3810156250001455,
              "m_y": 7.8065234375008,
              "m_height": "nfm::fs::interface::EFusionHeightClass::HIGH",
              "comment": "Limiting Object 2, Street Side"
            },
            {
              "m_x": 3.041015625,
              "m_y": 7.446523437500218,
              "m_height": "nfm::fs::interface::EFusionHeightClass::HIGH"
            }
          ]
        },
        {
          "nfmPolygonObjectNodes": [
            {
              "m_x": 3.041015625,
              "m_y": 7.446523437500218,
              "m_height": "nfm::fs::interface::EFusionHeightClass::HIGH",
              "comment": "Limiting Object 2, Street Side"
            },
            {
              "m_x": 2.454015625000011,
              "m_y": 7.132523437499913,
              "m_height": "nfm::fs::interface::EFusionHeightClass::HIGH"
            }
          ]
        },
        {
          "nfmPolygonObjectNodes": [
            {
              "m_x": 2.454015625000011,
              "m_y": 7.132523437499913,
              "m_height": "nfm::fs::interface::EFusionHeightClass::HIGH",
              "comment": "Limiting Object 2, Street Side"
            },
            {
              "m_x": 1.8680156249997708,
              "m_y": 6.819523437499811,
              "m_height": "nfm::fs::interface::EFusionHeightClass::HIGH"
            }
          ]
        },
        {
          "nfmPolygonObjectNodes": [
            {
              "m_x": 1.8680156249997708,
              "m_y": 6.819523437499811,
              "m_height": "nfm::fs::interface::EFusionHeightClass::HIGH",
              "comment": "Limiting Object 2, Street Side"
            },
            {
              "m_x": 1.2810156249997817,
              "m_y": 6.505523437499505,
              "m_height": "nfm::fs::interface::EFusionHeightClass::HIGH"
            }
          ]
        },
        {
          "nfmPolygonObjectNodes": [
            {
              "m_x": 1.2810156249997817,
              "m_y": 6.505523437499505,
              "m_height": "nfm::fs::interface::EFusionHeightClass::HIGH",
              "comment": "Limiting Object 2, Street Side"
            },
            {
              "m_x": 0.3810156250001455,
              "m_y": 6.1865234375,
              "m_height": "nfm::fs::interface::EFusionHeightClass::HIGH"
            }
          ]
        },
        {
          "nfmPolygonObjectNodes": [
            {
              "m_x": 0.3810156250001455,
              "m_y": 6.1865234375,
              "m_height": "nfm::fs::interface::EFusionHeightClass::HIGH",
              "comment": "Limiting Object 2, Street Side"
            },
            {
              "m_x": 0.16101562499989086,
              "m_y": 5.885523437500524,
              "m_height": "nfm::fs::interface::EFusionHeightClass::HIGH"
            }
          ]
        },
        {
          "nfmPolygonObjectNodes": [
            {
              "m_x": 0.16101562499989086,
              "m_y": 5.885523437500524,
              "m_height": "nfm::fs::interface::EFusionHeightClass::HIGH",
              "comment": "Limiting Object 2, Street Side"
            },
            {
              "m_x": -0.01898437499994543,
              "m_y": 5.986523437501091,
              "m_height": "nfm::fs::interface::EFusionHeightClass::HIGH"
            }
          ]
        },
        {
          "nfmPolygonObjectNodes": [
            {
              "m_x": -0.01898437499994543,
              "m_y": 5.986523437501091,
              "m_height": "nfm::fs::interface::EFusionHeightClass::HIGH",
              "comment": "Limiting Object 2, Street Side"
            },
            {
              "m_x": -0.5189843749999454,
              "m_y": 5.8465234374998545,
              "m_height": "nfm::fs::interface::EFusionHeightClass::HIGH"
            }
          ]
        },
        {
          "nfmPolygonObjectNodes": [
            {
              "m_x": -0.5189843749999454,
              "m_y": 5.8465234374998545,
              "m_height": "nfm::fs::interface::EFusionHeightClass::HIGH",
              "comment": "Limiting Object 2, Street Side"
            },
            {
              "m_x": -0.9189843750000364,
              "m_y": 6.146523437500946,
              "m_height": "nfm::fs::interface::EFusionHeightClass::HIGH"
            }
          ]
        },
        {
          "nfmPolygonObjectNodes": [
            {
              "m_x": -0.9189843750000364,
              "m_y": 6.146523437500946,
              "m_height": "nfm::fs::interface::EFusionHeightClass::HIGH",
              "comment": "Limiting Object 2, Street Side"
            },
            {
              "m_x": -1.058984374999909,
              "m_y": 6.646523437500946,
              "m_height": "nfm::fs::interface::EFusionHeightClass::HIGH"
            }
          ]
        },
        {
          "nfmPolygonObjectNodes": [
            {
              "m_x": -1.058984374999909,
              "m_y": 6.646523437500946,
              "m_height": "nfm::fs::interface::EFusionHeightClass::HIGH",
              "comment": "Limiting Object 2, Street Side"
            },
            {
              "m_x": -1.2189843750002183,
              "m_y": 6.6865234375,
              "m_height": "nfm::fs::interface::EFusionHeightClass::HIGH"
            }
          ]
        },
        {
          "nfmPolygonObjectNodes": [
            {
              "m_x": -2.838984375000109,
              "m_y": -5.494476562500495,
              "m_height": "nfm::fs::interface::EFusionHeightClass::HIGH",
              "comment": "Limiting Object 2, Street Side"
            },
            {
              "m_x": -2.9689843750002183,
              "m_y": -4.923476562500582,
              "m_height": "nfm::fs::interface::EFusionHeightClass::HIGH"
            }
          ]
        },
        {
          "nfmPolygonObjectNodes": [
            {
              "m_x": -2.9689843750002183,
              "m_y": -4.923476562500582,
              "m_height": "nfm::fs::interface::EFusionHeightClass::HIGH",
              "comment": "Limiting Object 2, Street Side"
            },
            {
              "m_x": -3.0989843749998727,
              "m_y": -4.353476562499054,
              "m_height": "nfm::fs::interface::EFusionHeightClass::HIGH"
            }
          ]
        },
        {
          "nfmPolygonObjectNodes": [
            {
              "m_x": -3.0989843749998727,
              "m_y": -4.353476562499054,
              "m_height": "nfm::fs::interface::EFusionHeightClass::HIGH",
              "comment": "Limiting Object 2, Street Side"
            },
            {
              "m_x": -3.6189843749998545,
              "m_y": -3.9734765624998545,
              "m_height": "nfm::fs::interface::EFusionHeightClass::HIGH"
            }
          ]
        },
        {
          "nfmPolygonObjectNodes": [
            {
              "m_x": 4.341015625000182,
              "m_y": -2.4544765624996217,
              "m_height": "nfm::fs::interface::EFusionHeightClass::HIGH",
              "comment": "Limiting Object 2, Street Side"
            },
            {
              "m_x": 4.681015624999873,
              "m_y": -2.853476562499054,
              "m_height": "nfm::fs::interface::EFusionHeightClass::HIGH"
            }
          ]
        },
        {
          "nfmPolygonObjectNodes": [
            {
              "m_x": 6.681015624999873,
              "m_y": -1.7934765624995634,
              "m_height": "nfm::fs::interface::EFusionHeightClass::HIGH",
              "comment": "Limiting Object 2, Street Side"
            },
            {
              "m_x": 6.501015625000036,
              "m_y": -2.0134765624989086,
              "m_height": "nfm::fs::interface::EFusionHeightClass::HIGH"
            }
          ]
        },
        {
          "nfmPolygonObjectNodes": [
            {
              "m_x": 6.501015625000036,
              "m_y": -2.0134765624989086,
              "m_height": "nfm::fs::interface::EFusionHeightClass::HIGH",
              "comment": "Limiting Object 2, Street Side"
            },
            {
              "m_x": 5.791015625,
              "m_y": -2.2744765624993306,
              "m_height": "nfm::fs::interface::EFusionHeightClass::HIGH"
            }
          ]
        },
        {
          "nfmPolygonObjectNodes": [
            {
              "m_x": 5.791015625,
              "m_y": -2.2744765624993306,
              "m_height": "nfm::fs::interface::EFusionHeightClass::HIGH",
              "comment": "Limiting Object 2, Street Side"
            },
            {
              "m_x": 5.081015624999964,
              "m_y": -2.534476562499549,
              "m_height": "nfm::fs::interface::EFusionHeightClass::HIGH"
            }
          ]
        },
        {
          "nfmPolygonObjectNodes": [
            {
              "m_x": 5.081015624999964,
              "m_y": -2.534476562499549,
              "m_height": "nfm::fs::interface::EFusionHeightClass::HIGH",
              "comment": "Limiting Object 2, Street Side"
            },
            {
              "m_x": 4.8010156249997635,
              "m_y": -2.773476562499127,
              "m_height": "nfm::fs::interface::EFusionHeightClass::HIGH"
            }
          ]
        },
        {
          "nfmPolygonObjectNodes": [
            {
              "m_x": 1.641015624999909,
              "m_y": 4.066523437501019,
              "m_height": "nfm::fs::interface::EFusionHeightClass::HIGH",
              "comment": "Limiting Object 2, Street Side"
            },
            {
              "m_x": 2.2810156249997817,
              "m_y": 4.3465234374998545,
              "m_height": "nfm::fs::interface::EFusionHeightClass::HIGH"
            }
          ]
        },
        {
          "nfmPolygonObjectNodes": [
            {
              "m_x": 2.2810156249997817,
              "m_y": 4.3465234374998545,
              "m_height": "nfm::fs::interface::EFusionHeightClass::HIGH",
              "comment": "Limiting Object 2, Street Side"
            },
            {
              "m_x": 2.921015625000109,
              "m_y": 4.625523437500306,
              "m_height": "nfm::fs::interface::EFusionHeightClass::HIGH"
            }
          ]
        },
        {
          "nfmPolygonObjectNodes": [
            {
              "m_x": 2.921015625000109,
              "m_y": 4.625523437500306,
              "m_height": "nfm::fs::interface::EFusionHeightClass::HIGH",
              "comment": "Limiting Object 2, Street Side"
            },
            {
              "m_x": 3.561015624999982,
              "m_y": 4.906523437501164,
              "m_height": "nfm::fs::interface::EFusionHeightClass::HIGH"
            }
          ]
        },
        {
          "nfmPolygonObjectNodes": [
            {
              "m_x": 3.561015624999982,
              "m_y": 4.906523437501164,
              "m_height": "nfm::fs::interface::EFusionHeightClass::HIGH",
              "comment": "Limiting Object 2, Street Side"
            },
            {
              "m_x": 4.2010156249998545,
              "m_y": 5.1865234375,
              "m_height": "nfm::fs::interface::EFusionHeightClass::HIGH"
            }
          ]
        },
        {
          "nfmPolygonObjectNodes": [
            {
              "m_x": 3.7010156249998545,
              "m_y": -2.1534765625001455,
              "m_height": "nfm::fs::interface::EFusionHeightClass::HIGH",
              "comment": "Limiting Object 2, Street Side"
            },
            {
              "m_x": 3.5810156249999636,
              "m_y": -2.273476562499127,
              "m_height": "nfm::fs::interface::EFusionHeightClass::HIGH"
            }
          ]
        },
        {
          "nfmPolygonObjectNodes": [
            {
              "m_x": 3.6810156249998727,
              "m_y": -2.353476562499054,
              "m_height": "nfm::fs::interface::EFusionHeightClass::HIGH",
              "comment": "Limiting Object 2, Street Side"
            },
            {
              "m_x": 3.921015625000109,
              "m_y": -3.0734765625002183,
              "m_height": "nfm::fs::interface::EFusionHeightClass::HIGH"
            }
          ]
        },
        {
          "nfmPolygonObjectNodes": [
            {
              "m_x": 3.921015625000109,
              "m_y": -3.0734765625002183,
              "m_height": "nfm::fs::interface::EFusionHeightClass::HIGH",
              "comment": "Limiting Object 2, Street Side"
            },
            {
              "m_x": 4.161015624999891,
              "m_y": -3.7934765624995634,
              "m_height": "nfm::fs::interface::EFusionHeightClass::HIGH"
            }
          ]
        },
        {
          "nfmPolygonObjectNodes": [
            {
              "m_x": 4.161015624999891,
              "m_y": -3.7934765624995634,
              "m_height": "nfm::fs::interface::EFusionHeightClass::HIGH",
              "comment": "Limiting Object 2, Street Side"
            },
            {
              "m_x": 4.461015625000073,
              "m_y": -4.253476562500509,
              "m_height": "nfm::fs::interface::EFusionHeightClass::HIGH"
            }
          ]
        },
        {
          "nfmPolygonObjectNodes": [
            {
              "m_x": -2.7189843750002183,
              "m_y": -7.334476562498821,
              "m_height": "nfm::fs::interface::EFusionHeightClass::HIGH",
              "comment": "Limiting Object 2, Street Side"
            },
            {
              "m_x": -2.4189843750000364,
              "m_y": -7.433476562498981,
              "m_height": "nfm::fs::interface::EFusionHeightClass::HIGH"
            }
          ]
        },
        {
          "nfmPolygonObjectNodes": [
            {
              "m_x": -2.4189843750000364,
              "m_y": -7.433476562498981,
              "m_height": "nfm::fs::interface::EFusionHeightClass::HIGH",
              "comment": "Limiting Object 2, Street Side"
            },
            {
              "m_x": -2.3189843750001273,
              "m_y": -7.633476562499709,
              "m_height": "nfm::fs::interface::EFusionHeightClass::HIGH"
            }
          ]
        },
        {
          "nfmPolygonObjectNodes": [
            {
              "m_x": -2.3189843750001273,
              "m_y": -7.633476562499709,
              "m_height": "nfm::fs::interface::EFusionHeightClass::HIGH",
              "comment": "Limiting Object 2, Street Side"
            },
            {
              "m_x": -1.7989843750001455,
              "m_y": -7.4734765624998545,
              "m_height": "nfm::fs::interface::EFusionHeightClass::HIGH"
            }
          ]
        },
        {
          "nfmPolygonObjectNodes": [
            {
              "m_x": -1.7989843750001455,
              "m_y": -7.4734765624998545,
              "m_height": "nfm::fs::interface::EFusionHeightClass::HIGH",
              "comment": "Limiting Object 2, Street Side"
            },
            {
              "m_x": -1.6189843749998545,
              "m_y": -7.253476562500509,
              "m_height": "nfm::fs::interface::EFusionHeightClass::HIGH"
            }
          ]
        },
        {
          "nfmPolygonObjectNodes": [
            {
              "m_x": -1.6189843749998545,
              "m_y": -7.253476562500509,
              "m_height": "nfm::fs::interface::EFusionHeightClass::HIGH",
              "comment": "Limiting Object 2, Street Side"
            },
            {
              "m_x": -0.8119843750000655,
              "m_y": -6.926476562499374,
              "m_height": "nfm::fs::interface::EFusionHeightClass::HIGH"
            }
          ]
        },
        {
          "nfmPolygonObjectNodes": [
            {
              "m_x": -0.8119843750000655,
              "m_y": -6.926476562499374,
              "m_height": "nfm::fs::interface::EFusionHeightClass::HIGH",
              "comment": "Limiting Object 2, Street Side"
            },
            {
              "m_x": -0.005984375000025466,
              "m_y": -6.600476562500262,
              "m_height": "nfm::fs::interface::EFusionHeightClass::HIGH"
            }
          ]
        },
        {
          "nfmPolygonObjectNodes": [
            {
              "m_x": -0.005984375000025466,
              "m_y": -6.600476562500262,
              "m_height": "nfm::fs::interface::EFusionHeightClass::HIGH",
              "comment": "Limiting Object 2, Street Side"
            },
            {
              "m_x": 0.8010156249997635,
              "m_y": -6.273476562499127,
              "m_height": "nfm::fs::interface::EFusionHeightClass::HIGH"
            }
          ]
        },
        {
          "nfmPolygonObjectNodes": [
            {
              "m_x": 0.8010156249997635,
              "m_y": -6.273476562499127,
              "m_height": "nfm::fs::interface::EFusionHeightClass::HIGH",
              "comment": "Limiting Object 2, Street Side"
            },
            {
              "m_x": 1.1810156249998727,
              "m_y": -5.853476562499054,
              "m_height": "nfm::fs::interface::EFusionHeightClass::HIGH"
            }
          ]
        },
        {
          "nfmPolygonObjectNodes": [
            {
              "m_x": 1.1810156249998727,
              "m_y": -5.853476562499054,
              "m_height": "nfm::fs::interface::EFusionHeightClass::HIGH",
              "comment": "Limiting Object 2, Street Side"
            },
            {
              "m_x": 1.9010156250001273,
              "m_y": -5.673476562500582,
              "m_height": "nfm::fs::interface::EFusionHeightClass::HIGH"
            }
          ]
        },
        {
          "nfmPolygonObjectNodes": [
            {
              "m_x": 1.9010156250001273,
              "m_y": -5.673476562500582,
              "m_height": "nfm::fs::interface::EFusionHeightClass::HIGH",
              "comment": "Limiting Object 2, Street Side"
            },
            {
              "m_x": 2.441015625000091,
              "m_y": -5.393476562499927,
              "m_height": "nfm::fs::interface::EFusionHeightClass::HIGH"
            }
          ]
        },
        {
          "nfmPolygonObjectNodes": [
            {
              "m_x": 2.441015625000091,
              "m_y": -5.393476562499927,
              "m_height": "nfm::fs::interface::EFusionHeightClass::HIGH",
              "comment": "Limiting Object 2, Street Side"
            },
            {
              "m_x": 2.9810156250000546,
              "m_y": -5.114476562499476,
              "m_height": "nfm::fs::interface::EFusionHeightClass::HIGH"
            }
          ]
        },
        {
          "nfmPolygonObjectNodes": [
            {
              "m_x": 2.9810156250000546,
              "m_y": -5.114476562499476,
              "m_height": "nfm::fs::interface::EFusionHeightClass::HIGH",
              "comment": "Limiting Object 2, Street Side"
            },
            {
              "m_x": 3.2010156249998545,
              "m_y": -5.233476562500073,
              "m_height": "nfm::fs::interface::EFusionHeightClass::HIGH"
            }
          ]
        },
        {
          "nfmPolygonObjectNodes": [
            {
              "m_x": 3.2010156249998545,
              "m_y": -5.233476562500073,
              "m_height": "nfm::fs::interface::EFusionHeightClass::HIGH",
              "comment": "Limiting Object 2, Street Side"
            },
            {
              "m_x": 3.6510156250001273,
              "m_y": -4.993476562500291,
              "m_height": "nfm::fs::interface::EFusionHeightClass::HIGH"
            }
          ]
        },
        {
          "nfmPolygonObjectNodes": [
            {
              "m_x": 3.6510156250001273,
              "m_y": -4.993476562500291,
              "m_height": "nfm::fs::interface::EFusionHeightClass::HIGH",
              "comment": "Limiting Object 2, Street Side"
            },
            {
              "m_x": 4.101015624999945,
              "m_y": -4.753476562500509,
              "m_height": "nfm::fs::interface::EFusionHeightClass::HIGH"
            }
          ]
        },
        {
          "nfmPolygonObjectNodes": [
            {
              "m_x": 4.101015624999945,
              "m_y": -4.753476562500509,
              "m_height": "nfm::fs::interface::EFusionHeightClass::HIGH",
              "comment": "Limiting Object 2, Street Side"
            },
            {
              "m_x": 4.501015625000036,
              "m_y": -4.353476562499054,
              "m_height": "nfm::fs::interface::EFusionHeightClass::HIGH"
            }
          ]
        },
        {
          "nfmPolygonObjectNodes": [
            {
              "m_x": -2.7989843750001455,
              "m_y": -7.393476562499927,
              "m_height": "nfm::fs::interface::EFusionHeightClass::HIGH",
              "comment": "Limiting Object 2, Street Side"
            },
            {
              "m_x": -3.1989843750002365,
              "m_y": -7.534476562499549,
              "m_height": "nfm::fs::interface::EFusionHeightClass::HIGH"
            }
          ]
        },
        {
          "nfmPolygonObjectNodes": [
            {
              "m_x": -3.1989843750002365,
              "m_y": -7.534476562499549,
              "m_height": "nfm::fs::interface::EFusionHeightClass::HIGH",
              "comment": "Limiting Object 2, Street Side"
            },
            {
              "m_x": -3.6189843749998545,
              "m_y": -8.3134765625,
              "m_height": "nfm::fs::interface::EFusionHeightClass::HIGH"
            }
          ]
        },
        {
          "nfmPolygonObjectNodes": [
            {
              "m_x": -3.6189843749998545,
              "m_y": -8.3134765625,
              "m_height": "nfm::fs::interface::EFusionHeightClass::HIGH",
              "comment": "Limiting Object 2, Street Side"
            },
            {
              "m_x": -4.078984374999891,
              "m_y": -8.433476562498981,
              "m_height": "nfm::fs::interface::EFusionHeightClass::HIGH"
            }
          ]
        },
        {
          "nfmPolygonObjectNodes": [
            {
              "m_x": -4.2389843750002,
              "m_y": -0.5534765624997817,
              "m_height": "nfm::fs::interface::EFusionHeightClass::HIGH",
              "comment": "Limiting Object 2, Street Side"
            },
            {
              "m_x": -3.758984375000182,
              "m_y": -1.3534765624990541,
              "m_height": "nfm::fs::interface::EFusionHeightClass::HIGH"
            }
          ]
        },
        {
          "nfmPolygonObjectNodes": [
            {
              "m_x": -3.758984375000182,
              "m_y": -1.3534765624990541,
              "m_height": "nfm::fs::interface::EFusionHeightClass::HIGH",
              "comment": "Limiting Object 2, Street Side"
            },
            {
              "m_x": -3.858984375000091,
              "m_y": -1.8534765624990541,
              "m_height": "nfm::fs::interface::EFusionHeightClass::HIGH"
            }
          ]
        },
        {
          "nfmPolygonObjectNodes": [
            {
              "m_x": -3.858984375000091,
              "m_y": -1.8534765624990541,
              "m_height": "nfm::fs::interface::EFusionHeightClass::HIGH",
              "comment": "Limiting Object 2, Street Side"
            },
            {
              "m_x": -4.518984374999945,
              "m_y": -2.3744765624996944,
              "m_height": "nfm::fs::interface::EFusionHeightClass::HIGH"
            }
          ]
        },
        {
          "nfmPolygonObjectNodes": [
            {
              "m_x": -4.518984374999945,
              "m_y": -2.3744765624996944,
              "m_height": "nfm::fs::interface::EFusionHeightClass::HIGH",
              "comment": "Limiting Object 2, Street Side"
            },
            {
              "m_x": -5.138984374999836,
              "m_y": -2.699476562500422,
              "m_height": "nfm::fs::interface::EFusionHeightClass::HIGH"
            }
          ]
        },
        {
          "nfmPolygonObjectNodes": [
            {
              "m_x": -5.138984374999836,
              "m_y": -2.699476562500422,
              "m_height": "nfm::fs::interface::EFusionHeightClass::HIGH",
              "comment": "Limiting Object 2, Street Side"
            },
            {
              "m_x": -5.758984375000182,
              "m_y": -3.0244765624993306,
              "m_height": "nfm::fs::interface::EFusionHeightClass::HIGH"
            }
          ]
        },
        {
          "nfmPolygonObjectNodes": [
            {
              "m_x": -5.758984375000182,
              "m_y": -3.0244765624993306,
              "m_height": "nfm::fs::interface::EFusionHeightClass::HIGH",
              "comment": "Limiting Object 2, Street Side"
            },
            {
              "m_x": -6.378984375000073,
              "m_y": -3.3484765624998545,
              "m_height": "nfm::fs::interface::EFusionHeightClass::HIGH"
            }
          ]
        },
        {
          "nfmPolygonObjectNodes": [
            {
              "m_x": -6.378984375000073,
              "m_y": -3.3484765624998545,
              "m_height": "nfm::fs::interface::EFusionHeightClass::HIGH",
              "comment": "Limiting Object 2, Street Side"
            },
            {
              "m_x": -6.998984374999964,
              "m_y": -3.673476562500582,
              "m_height": "nfm::fs::interface::EFusionHeightClass::HIGH"
            }
          ]
        },
        {
          "nfmPolygonObjectNodes": [
            {
              "m_x": 1.5810156249999636,
              "m_y": 2.6255234375003056,
              "m_height": "nfm::fs::interface::EFusionHeightClass::HIGH",
              "comment": "Limiting Object 2, Street Side"
            },
            {
              "m_x": 2.0810156249999636,
              "m_y": 3.1655234375011787,
              "m_height": "nfm::fs::interface::EFusionHeightClass::HIGH"
            }
          ]
        },
        {
          "nfmPolygonObjectNodes": [
            {
              "m_x": 1.4810156250000546,
              "m_y": 2.6865234375,
              "m_height": "nfm::fs::interface::EFusionHeightClass::HIGH",
              "comment": "Limiting Object 2, Street Side"
            },
            {
              "m_x": 1.0810156249999636,
              "m_y": 3.146523437500946,
              "m_height": "nfm::fs::interface::EFusionHeightClass::HIGH"
            }
          ]
        },
        {
          "nfmPolygonObjectNodes": [
            {
              "m_x": 1.0810156249999636,
              "m_y": 3.146523437500946,
              "m_height": "nfm::fs::interface::EFusionHeightClass::HIGH",
              "comment": "Limiting Object 2, Street Side"
            },
            {
              "m_x": 1.1810156249998727,
              "m_y": 3.8465234374998545,
              "m_height": "nfm::fs::interface::EFusionHeightClass::HIGH"
            }
          ]
        },
        {
          "nfmPolygonObjectNodes": [
            {
              "m_x": 1.1810156249998727,
              "m_y": 3.8465234374998545,
              "m_height": "nfm::fs::interface::EFusionHeightClass::HIGH",
              "comment": "Limiting Object 2, Street Side"
            },
            {
              "m_x": 0.641015624999909,
              "m_y": 3.6255234375003056,
              "m_height": "nfm::fs::interface::EFusionHeightClass::HIGH"
            }
          ]
        },
        {
          "nfmPolygonObjectNodes": [
            {
              "m_x": 0.5810156249999636,
              "m_y": 3.6655234375011787,
              "m_height": "nfm::fs::interface::EFusionHeightClass::HIGH",
              "comment": "Limiting Object 2, Street Side"
            },
            {
              "m_x": 0.08101562499996362,
              "m_y": 4.326523437499418,
              "m_height": "nfm::fs::interface::EFusionHeightClass::HIGH"
            }
          ]
        },
        {
          "nfmPolygonObjectNodes": [
            {
              "m_x": 0.08101562499996362,
              "m_y": 4.326523437499418,
              "m_height": "nfm::fs::interface::EFusionHeightClass::HIGH",
              "comment": "Limiting Object 2, Street Side"
            },
            {
              "m_x": 0.08101562499996362,
              "m_y": 4.866523437500291,
              "m_height": "nfm::fs::interface::EFusionHeightClass::HIGH"
            }
          ]
        }
      ]
    }
  }
}
