{
  "PmpParameters": "default",
  "CommonParameters": "default",
  "Frames": {
    "0": {
      "PlanningRequest": {
        "m_startDirection": "common::EnmStartDirection::startAutoDefineDirection",
        "m_startPosture": {
          "m_pose": [
            0.0,
            0.0,
            1.3953003883361816
          ],
          "m_curvature": 0.0
        },
        "m_targetArea": {
          "m_targetPosture": {
            "m_pose": [
              6.435063362121582,
              -0.9230842590332031,
              2.915771484375
            ],
            "m_curvature": 0.0
          },
          "m_lateralTolerance": 0.05,
          "m_longitudinalTolerance": 0.05,
          "m_orientationTolerance": 0.01,
          "m_targetDirection": "common::EnmStartDirection::startAutoDefineDirection"
        }
      },
      "m_parkingScenario": "EParkingScenario::PARKING_CPSC_BI",
      "NfmAggregatedPolygonObjects": [
        {
          "nfmPolygonObjectNodes": [
            {
              "m_x": -0.01999973297119162,
              "m_y": 17.892998199462895,
              "m_height": "nfm::fs::interface::EFusionHeightClass::HIGH",
              "comment": "Limiting Object 2, Street Side"
            },
            {
              "m_x": 0.4800002670288084,
              "m_y": 18.032998199462895,
              "m_height": "nfm::fs::interface::EFusionHeightClass::HIGH"
            }
          ]
        },
        {
          "nfmPolygonObjectNodes": [
            {
              "m_x": 4.220000267028809,
              "m_y": 17.212998199462888,
              "m_height": "nfm::fs::interface::EFusionHeightClass::HIGH",
              "comment": "Limiting Object 2, Street Side"
            },
            {
              "m_x": 4.50000026702881,
              "m_y": 17.572998199462887,
              "m_height": "nfm::fs::interface::EFusionHeightClass::HIGH"
            }
          ]
        },
        {
          "nfmPolygonObjectNodes": [
            {
              "m_x": 5.98000026702881,
              "m_y": 17.012998199462885,
              "m_height": "nfm::fs::interface::EFusionHeightClass::HIGH",
              "comment": "Limiting Object 2, Street Side"
            },
            {
              "m_x": 5.880000267028809,
              "m_y": 17.27299819946289,
              "m_height": "nfm::fs::interface::EFusionHeightClass::HIGH"
            }
          ]
        },
        {
          "nfmPolygonObjectNodes": [
            {
              "m_x": 5.880000267028809,
              "m_y": 17.27299819946289,
              "m_height": "nfm::fs::interface::EFusionHeightClass::HIGH",
              "comment": "Limiting Object 2, Street Side"
            },
            {
              "m_x": 4.98000026702881,
              "m_y": 17.27299819946289,
              "m_height": "nfm::fs::interface::EFusionHeightClass::HIGH"
            }
          ]
        },
        {
          "nfmPolygonObjectNodes": [
            {
              "m_x": 4.98000026702881,
              "m_y": 17.27299819946289,
              "m_height": "nfm::fs::interface::EFusionHeightClass::HIGH",
              "comment": "Limiting Object 2, Street Side"
            },
            {
              "m_x": 4.98000026702881,
              "m_y": 17.69299819946289,
              "m_height": "nfm::fs::interface::EFusionHeightClass::HIGH"
            }
          ]
        },
        {
          "nfmPolygonObjectNodes": [
            {
              "m_x": 4.98000026702881,
              "m_y": 17.69299819946289,
              "m_height": "nfm::fs::interface::EFusionHeightClass::HIGH",
              "comment": "Limiting Object 2, Street Side"
            },
            {
              "m_x": 4.580000267028808,
              "m_y": 17.49299819946289,
              "m_height": "nfm::fs::interface::EFusionHeightClass::HIGH"
            }
          ]
        },
        {
          "nfmPolygonObjectNodes": [
            {
              "m_x": 4.4400002670288075,
              "m_y": 17.672998199462896,
              "m_height": "nfm::fs::interface::EFusionHeightClass::HIGH",
              "comment": "Limiting Object 2, Street Side"
            },
            {
              "m_x": 4.48000026702881,
              "m_y": 17.752998199462894,
              "m_height": "nfm::fs::interface::EFusionHeightClass::HIGH"
            }
          ]
        },
        {
          "nfmPolygonObjectNodes": [
            {
              "m_x": 5.540000267028809,
              "m_y": 17.952998199462897,
              "m_height": "nfm::fs::interface::EFusionHeightClass::HIGH",
              "comment": "Limiting Object 2, Street Side"
            },
            {
              "m_x": 5.880000267028809,
              "m_y": 17.712998199462888,
              "m_height": "nfm::fs::interface::EFusionHeightClass::HIGH"
            }
          ]
        },
        {
          "nfmPolygonObjectNodes": [
            {
              "m_x": 5.880000267028809,
              "m_y": 17.712998199462888,
              "m_height": "nfm::fs::interface::EFusionHeightClass::HIGH",
              "comment": "Limiting Object 2, Street Side"
            },
            {
              "m_x": 6.080000267028808,
              "m_y": 17.832998199462892,
              "m_height": "nfm::fs::interface::EFusionHeightClass::HIGH"
            }
          ]
        },
        {
          "nfmPolygonObjectNodes": [
            {
              "m_x": 3.98000026702881,
              "m_y": 16.09299819946289,
              "m_height": "nfm::fs::interface::EFusionHeightClass::HIGH",
              "comment": "Limiting Object 2, Street Side"
            },
            {
              "m_x": 4.080000267028808,
              "m_y": 16.512998199462885,
              "m_height": "nfm::fs::interface::EFusionHeightClass::HIGH"
            }
          ]
        },
        {
          "nfmPolygonObjectNodes": [
            {
              "m_x": -0.31999973297119055,
              "m_y": 15.732998199462891,
              "m_height": "nfm::fs::interface::EFusionHeightClass::HIGH",
              "comment": "Limiting Object 2, Street Side"
            },
            {
              "m_x": -0.11999973297119126,
              "m_y": 15.792998199462893,
              "m_height": "nfm::fs::interface::EFusionHeightClass::HIGH"
            }
          ]
        },
        {
          "nfmPolygonObjectNodes": [
            {
              "m_x": -0.01999973297119162,
              "m_y": 15.972998199462893,
              "m_height": "nfm::fs::interface::EFusionHeightClass::HIGH",
              "comment": "Limiting Object 2, Street Side"
            },
            {
              "m_x": -0.01999973297119162,
              "m_y": 16.09299819946289,
              "m_height": "nfm::fs::interface::EFusionHeightClass::HIGH"
            }
          ]
        },
        {
          "nfmPolygonObjectNodes": [
            {
              "m_x": -0.19999973297119134,
              "m_y": 15.972998199462893,
              "m_height": "nfm::fs::interface::EFusionHeightClass::HIGH",
              "comment": "Limiting Object 2, Street Side"
            },
            {
              "m_x": -0.05999973297119077,
              "m_y": 16.572998199462887,
              "m_height": "nfm::fs::interface::EFusionHeightClass::HIGH"
            }
          ]
        },
        {
          "nfmPolygonObjectNodes": [
            {
              "m_x": 6.48000026702881,
              "m_y": 13.95299819946289,
              "m_height": "nfm::fs::interface::EFusionHeightClass::HIGH",
              "comment": "Limiting Object 2, Street Side"
            },
            {
              "m_x": 5.920000267028808,
              "m_y": 14.41299819946289,
              "m_height": "nfm::fs::interface::EFusionHeightClass::HIGH"
            }
          ]
        },
        {
          "nfmPolygonObjectNodes": [
            {
              "m_x": 5.920000267028808,
              "m_y": 14.41299819946289,
              "m_height": "nfm::fs::interface::EFusionHeightClass::HIGH",
              "comment": "Limiting Object 2, Street Side"
            },
            {
              "m_x": 5.360000267028809,
              "m_y": 14.872998199462891,
              "m_height": "nfm::fs::interface::EFusionHeightClass::HIGH"
            }
          ]
        },
        {
          "nfmPolygonObjectNodes": [
            {
              "m_x": 5.360000267028809,
              "m_y": 14.872998199462891,
              "m_height": "nfm::fs::interface::EFusionHeightClass::HIGH",
              "comment": "Limiting Object 2, Street Side"
            },
            {
              "m_x": 5.600000267028808,
              "m_y": 15.372998199462891,
              "m_height": "nfm::fs::interface::EFusionHeightClass::HIGH"
            }
          ]
        },
        {
          "nfmPolygonObjectNodes": [
            {
              "m_x": 5.600000267028808,
              "m_y": 15.372998199462891,
              "m_height": "nfm::fs::interface::EFusionHeightClass::HIGH",
              "comment": "Limiting Object 2, Street Side"
            },
            {
              "m_x": 5.260000267028808,
              "m_y": 15.652998199462893,
              "m_height": "nfm::fs::interface::EFusionHeightClass::HIGH"
            }
          ]
        },
        {
          "nfmPolygonObjectNodes": [
            {
              "m_x": 6.580000267028808,
              "m_y": 13.972998199462893,
              "m_height": "nfm::fs::interface::EFusionHeightClass::HIGH",
              "comment": "Limiting Object 2, Street Side"
            },
            {
              "m_x": 6.520000267028809,
              "m_y": 14.072998199462894,
              "m_height": "nfm::fs::interface::EFusionHeightClass::HIGH"
            }
          ]
        },
        {
          "nfmPolygonObjectNodes": [
            {
              "m_x": 7.1800002670288094,
              "m_y": 15.232998199462891,
              "m_height": "nfm::fs::interface::EFusionHeightClass::HIGH",
              "comment": "Limiting Object 2, Street Side"
            },
            {
              "m_x": 6.880000267028809,
              "m_y": 14.752998199462894,
              "m_height": "nfm::fs::interface::EFusionHeightClass::HIGH"
            }
          ]
        },
        {
          "nfmPolygonObjectNodes": [
            {
              "m_x": 6.880000267028809,
              "m_y": 14.752998199462894,
              "m_height": "nfm::fs::interface::EFusionHeightClass::HIGH",
              "comment": "Limiting Object 2, Street Side"
            },
            {
              "m_x": 6.580000267028808,
              "m_y": 14.732998199462891,
              "m_height": "nfm::fs::interface::EFusionHeightClass::HIGH"
            }
          ]
        },
        {
          "nfmPolygonObjectNodes": [
            {
              "m_x": 6.580000267028808,
              "m_y": 14.732998199462891,
              "m_height": "nfm::fs::interface::EFusionHeightClass::HIGH",
              "comment": "Limiting Object 2, Street Side"
            },
            {
              "m_x": 6.48000026702881,
              "m_y": 14.572998199462894,
              "m_height": "nfm::fs::interface::EFusionHeightClass::HIGH"
            }
          ]
        },
        {
          "nfmPolygonObjectNodes": [
            {
              "m_x": 6.48000026702881,
              "m_y": 14.572998199462894,
              "m_height": "nfm::fs::interface::EFusionHeightClass::HIGH",
              "comment": "Limiting Object 2, Street Side"
            },
            {
              "m_x": 6.580000267028808,
              "m_y": 14.41299819946289,
              "m_height": "nfm::fs::interface::EFusionHeightClass::HIGH"
            }
          ]
        },
        {
          "nfmPolygonObjectNodes": [
            {
              "m_x": 6.580000267028808,
              "m_y": 14.41299819946289,
              "m_height": "nfm::fs::interface::EFusionHeightClass::HIGH",
              "comment": "Limiting Object 2, Street Side"
            },
            {
              "m_x": 6.780000267028807,
              "m_y": 14.432998199462894,
              "m_height": "nfm::fs::interface::EFusionHeightClass::HIGH"
            }
          ]
        },
        {
          "nfmPolygonObjectNodes": [
            {
              "m_x": 6.48000026702881,
              "m_y": 14.892998199462895,
              "m_height": "nfm::fs::interface::EFusionHeightClass::HIGH",
              "comment": "Limiting Object 2, Street Side"
            },
            {
              "m_x": 6.400000267028808,
              "m_y": 14.972998199462893,
              "m_height": "nfm::fs::interface::EFusionHeightClass::HIGH"
            }
          ]
        },
        {
          "nfmPolygonObjectNodes": [
            {
              "m_x": -0.8199997329711906,
              "m_y": 12.832998199462892,
              "m_height": "nfm::fs::interface::EFusionHeightClass::HIGH",
              "comment": "Limiting Object 2, Street Side"
            },
            {
              "m_x": -0.2199997329711909,
              "m_y": 13.372998199462891,
              "m_height": "nfm::fs::interface::EFusionHeightClass::HIGH"
            }
          ]
        },
        {
          "nfmPolygonObjectNodes": [
            {
              "m_x": 0.7800002670288091,
              "m_y": 12.032998199462895,
              "m_height": "nfm::fs::interface::EFusionHeightClass::HIGH",
              "comment": "Limiting Object 2, Street Side"
            },
            {
              "m_x": -0.01999973297119162,
              "m_y": 12.512998199462892,
              "m_height": "nfm::fs::interface::EFusionHeightClass::HIGH"
            }
          ]
        },
        {
          "nfmPolygonObjectNodes": [
            {
              "m_x": 5.420000267028808,
              "m_y": 9.072998199462894,
              "m_height": "nfm::fs::interface::EFusionHeightClass::HIGH",
              "comment": "Limiting Object 2, Street Side"
            },
            {
              "m_x": 5.580000267028808,
              "m_y": 9.372998199462891,
              "m_height": "nfm::fs::interface::EFusionHeightClass::HIGH"
            }
          ]
        },
        {
          "nfmPolygonObjectNodes": [
            {
              "m_x": 5.580000267028808,
              "m_y": 9.372998199462891,
              "m_height": "nfm::fs::interface::EFusionHeightClass::HIGH",
              "comment": "Limiting Object 2, Street Side"
            },
            {
              "m_x": 4.880000267028809,
              "m_y": 9.652998199462893,
              "m_height": "nfm::fs::interface::EFusionHeightClass::HIGH"
            }
          ]
        },
        {
          "nfmPolygonObjectNodes": [
            {
              "m_x": 4.880000267028809,
              "m_y": 9.652998199462893,
              "m_height": "nfm::fs::interface::EFusionHeightClass::HIGH",
              "comment": "Limiting Object 2, Street Side"
            },
            {
              "m_x": 4.5600002670288085,
              "m_y": 10.152998199462893,
              "m_height": "nfm::fs::interface::EFusionHeightClass::HIGH"
            }
          ]
        },
        {
          "nfmPolygonObjectNodes": [
            {
              "m_x": -6.119999732971191,
              "m_y": -8.607001800537105,
              "m_height": "nfm::fs::interface::EFusionHeightClass::HIGH",
              "comment": "Limiting Object 2, Street Side"
            },
            {
              "m_x": -6.539999732971191,
              "m_y": -8.527001800537107,
              "m_height": "nfm::fs::interface::EFusionHeightClass::HIGH"
            }
          ]
        },
        {
          "nfmPolygonObjectNodes": [
            {
              "m_x": -0.7199997329711909,
              "m_y": 10.872998199462891,
              "m_height": "nfm::fs::interface::EFusionHeightClass::HIGH",
              "comment": "Limiting Object 2, Street Side"
            },
            {
              "m_x": -1.1199997329711913,
              "m_y": 10.41299819946289,
              "m_height": "nfm::fs::interface::EFusionHeightClass::HIGH"
            }
          ]
        },
        {
          "nfmPolygonObjectNodes": [
            {
              "m_x": -1.1199997329711913,
              "m_y": 10.41299819946289,
              "m_height": "nfm::fs::interface::EFusionHeightClass::HIGH",
              "comment": "Limiting Object 2, Street Side"
            },
            {
              "m_x": -1.419999732971192,
              "m_y": 10.352998199462888,
              "m_height": "nfm::fs::interface::EFusionHeightClass::HIGH"
            }
          ]
        },
        {
          "nfmPolygonObjectNodes": [
            {
              "m_x": -2.379999732971191,
              "m_y": 9.77299819946289,
              "m_height": "nfm::fs::interface::EFusionHeightClass::HIGH",
              "comment": "Limiting Object 2, Street Side"
            },
            {
              "m_x": -3.1599997329711904,
              "m_y": 9.932998199462894,
              "m_height": "nfm::fs::interface::EFusionHeightClass::HIGH"
            }
          ]
        },
        {
          "nfmPolygonObjectNodes": [
            {
              "m_x": -3.1599997329711904,
              "m_y": 9.932998199462894,
              "m_height": "nfm::fs::interface::EFusionHeightClass::HIGH",
              "comment": "Limiting Object 2, Street Side"
            },
            {
              "m_x": -3.9399997329711915,
              "m_y": 10.09299819946289,
              "m_height": "nfm::fs::interface::EFusionHeightClass::HIGH"
            }
          ]
        },
        {
          "nfmPolygonObjectNodes": [
            {
              "m_x": -3.9399997329711915,
              "m_y": 10.09299819946289,
              "m_height": "nfm::fs::interface::EFusionHeightClass::HIGH",
              "comment": "Limiting Object 2, Street Side"
            },
            {
              "m_x": -4.719999732971191,
              "m_y": 10.252998199462894,
              "m_height": "nfm::fs::interface::EFusionHeightClass::HIGH"
            }
          ]
        },
        {
          "nfmPolygonObjectNodes": [
            {
              "m_x": -4.719999732971191,
              "m_y": 10.252998199462894,
              "m_height": "nfm::fs::interface::EFusionHeightClass::HIGH",
              "comment": "Limiting Object 2, Street Side"
            },
            {
              "m_x": -5.499999732971192,
              "m_y": 10.41299819946289,
              "m_height": "nfm::fs::interface::EFusionHeightClass::HIGH"
            }
          ]
        },
        {
          "nfmPolygonObjectNodes": [
            {
              "m_x": 8.02000026702881,
              "m_y": 6.312998199462889,
              "m_height": "nfm::fs::interface::EFusionHeightClass::HIGH",
              "comment": "Limiting Object 2, Street Side"
            },
            {
              "m_x": 7.6800002670288094,
              "m_y": 6.892998199462895,
              "m_height": "nfm::fs::interface::EFusionHeightClass::HIGH"
            }
          ]
        },
        {
          "nfmPolygonObjectNodes": [
            {
              "m_x": 7.6800002670288094,
              "m_y": 6.892998199462895,
              "m_height": "nfm::fs::interface::EFusionHeightClass::HIGH",
              "comment": "Limiting Object 2, Street Side"
            },
            {
              "m_x": 7.080000267028808,
              "m_y": 7.072998199462894,
              "m_height": "nfm::fs::interface::EFusionHeightClass::HIGH"
            }
          ]
        },
        {
          "nfmPolygonObjectNodes": [
            {
              "m_x": 7.080000267028808,
              "m_y": 7.072998199462894,
              "m_height": "nfm::fs::interface::EFusionHeightClass::HIGH",
              "comment": "Limiting Object 2, Street Side"
            },
            {
              "m_x": 6.780000267028807,
              "m_y": 7.472998199462893,
              "m_height": "nfm::fs::interface::EFusionHeightClass::HIGH"
            }
          ]
        },
        {
          "nfmPolygonObjectNodes": [
            {
              "m_x": -1.419999732971192,
              "m_y": 9.59299819946289,
              "m_height": "nfm::fs::interface::EFusionHeightClass::HIGH",
              "comment": "Limiting Object 2, Street Side"
            },
            {
              "m_x": -1.8199997329711906,
              "m_y": 9.672998199462889,
              "m_height": "nfm::fs::interface::EFusionHeightClass::HIGH"
            }
          ]
        },
        {
          "nfmPolygonObjectNodes": [
            {
              "m_x": 2.3000002670288104,
              "m_y": -9.18700180053711,
              "m_height": "nfm::fs::interface::EFusionHeightClass::HIGH",
              "comment": "Limiting Object 2, Street Side"
            },
            {
              "m_x": 2.98000026702881,
              "m_y": -9.35200180053711,
              "m_height": "nfm::fs::interface::EFusionHeightClass::HIGH"
            }
          ]
        },
        {
          "nfmPolygonObjectNodes": [
            {
              "m_x": 2.98000026702881,
              "m_y": -9.35200180053711,
              "m_height": "nfm::fs::interface::EFusionHeightClass::HIGH",
              "comment": "Limiting Object 2, Street Side"
            },
            {
              "m_x": 3.66000026702881,
              "m_y": -9.517001800537109,
              "m_height": "nfm::fs::interface::EFusionHeightClass::HIGH"
            }
          ]
        },
        {
          "nfmPolygonObjectNodes": [
            {
              "m_x": 3.66000026702881,
              "m_y": -9.517001800537109,
              "m_height": "nfm::fs::interface::EFusionHeightClass::HIGH",
              "comment": "Limiting Object 2, Street Side"
            },
            {
              "m_x": 4.34000026702881,
              "m_y": -9.682001800537108,
              "m_height": "nfm::fs::interface::EFusionHeightClass::HIGH"
            }
          ]
        },
        {
          "nfmPolygonObjectNodes": [
            {
              "m_x": 4.34000026702881,
              "m_y": -9.682001800537108,
              "m_height": "nfm::fs::interface::EFusionHeightClass::HIGH",
              "comment": "Limiting Object 2, Street Side"
            },
            {
              "m_x": 5.020000267028809,
              "m_y": -9.847001800537107,
              "m_height": "nfm::fs::interface::EFusionHeightClass::HIGH"
            }
          ]
        },
        {
          "nfmPolygonObjectNodes": [
            {
              "m_x": 1.3800002670288087,
              "m_y": -8.947001800537109,
              "m_height": "nfm::fs::interface::EFusionHeightClass::HIGH",
              "comment": "Limiting Object 2, Street Side"
            },
            {
              "m_x": 1.7600002670288077,
              "m_y": -9.04700180053711,
              "m_height": "nfm::fs::interface::EFusionHeightClass::HIGH"
            }
          ]
        },
        {
          "nfmPolygonObjectNodes": [
            {
              "m_x": 8.720000267028809,
              "m_y": 1.1729981994628886,
              "m_height": "nfm::fs::interface::EFusionHeightClass::HIGH",
              "comment": "Limiting Object 2, Street Side"
            },
            {
              "m_x": 8.68000026702881,
              "m_y": 1.4129981994628906,
              "m_height": "nfm::fs::interface::EFusionHeightClass::HIGH"
            }
          ]
        },
        {
          "nfmPolygonObjectNodes": [
            {
              "m_x": 8.380000267028809,
              "m_y": 1.8729981994628915,
              "m_height": "nfm::fs::interface::EFusionHeightClass::HIGH",
              "comment": "Limiting Object 2, Street Side"
            },
            {
              "m_x": 8.46000026702881,
              "m_y": 2.3729981994628915,
              "m_height": "nfm::fs::interface::EFusionHeightClass::HIGH"
            }
          ]
        },
        {
          "nfmPolygonObjectNodes": [
            {
              "m_x": 0.580000267028808,
              "m_y": 8.512998199462892,
              "m_height": "nfm::fs::interface::EFusionHeightClass::HIGH",
              "comment": "Limiting Object 2, Street Side"
            },
            {
              "m_x": 0.6800002670288094,
              "m_y": 8.612998199462893,
              "m_height": "nfm::fs::interface::EFusionHeightClass::HIGH"
            }
          ]
        },
        {
          "nfmPolygonObjectNodes": [
            {
              "m_x": 0.6800002670288094,
              "m_y": 8.612998199462893,
              "m_height": "nfm::fs::interface::EFusionHeightClass::HIGH",
              "comment": "Limiting Object 2, Street Side"
            },
            {
              "m_x": 1.4800002670288102,
              "m_y": 8.372998199462891,
              "m_height": "nfm::fs::interface::EFusionHeightClass::HIGH"
            }
          ]
        },
        {
          "nfmPolygonObjectNodes": [
            {
              "m_x": 1.4800002670288102,
              "m_y": 8.372998199462891,
              "m_height": "nfm::fs::interface::EFusionHeightClass::HIGH",
              "comment": "Limiting Object 2, Street Side"
            },
            {
              "m_x": 1.8000002670288104,
              "m_y": 8.77299819946289,
              "m_height": "nfm::fs::interface::EFusionHeightClass::HIGH"
            }
          ]
        },
        {
          "nfmPolygonObjectNodes": [
            {
              "m_x": 1.8000002670288104,
              "m_y": 8.77299819946289,
              "m_height": "nfm::fs::interface::EFusionHeightClass::HIGH",
              "comment": "Limiting Object 2, Street Side"
            },
            {
              "m_x": 2.080000267028808,
              "m_y": 8.752998199462894,
              "m_height": "nfm::fs::interface::EFusionHeightClass::HIGH"
            }
          ]
        },
        {
          "nfmPolygonObjectNodes": [
            {
              "m_x": -1.5199997329711916,
              "m_y": 8.072998199462894,
              "m_height": "nfm::fs::interface::EFusionHeightClass::HIGH",
              "comment": "Limiting Object 2, Street Side"
            },
            {
              "m_x": -1.219999732971191,
              "m_y": 8.552998199462891,
              "m_height": "nfm::fs::interface::EFusionHeightClass::HIGH"
            }
          ]
        },
        {
          "nfmPolygonObjectNodes": [
            {
              "m_x": -2.8999997329711906,
              "m_y": 7.572998199462894,
              "m_height": "nfm::fs::interface::EFusionHeightClass::HIGH",
              "comment": "Limiting Object 2, Street Side"
            },
            {
              "m_x": -3.2799997329711914,
              "m_y": 7.6329981994628895,
              "m_height": "nfm::fs::interface::EFusionHeightClass::HIGH"
            }
          ]
        },
        {
          "nfmPolygonObjectNodes": [
            {
              "m_x": -3.2799997329711914,
              "m_y": 7.6329981994628895,
              "m_height": "nfm::fs::interface::EFusionHeightClass::HIGH",
              "comment": "Limiting Object 2, Street Side"
            },
            {
              "m_x": -3.1599997329711904,
              "m_y": 7.912998199462891,
              "m_height": "nfm::fs::interface::EFusionHeightClass::HIGH"
            }
          ]
        },
        {
          "nfmPolygonObjectNodes": [
            {
              "m_x": -3.1599997329711904,
              "m_y": 7.912998199462891,
              "m_height": "nfm::fs::interface::EFusionHeightClass::HIGH",
              "comment": "Limiting Object 2, Street Side"
            },
            {
              "m_x": -2.7799997329711914,
              "m_y": 7.832998199462892,
              "m_height": "nfm::fs::interface::EFusionHeightClass::HIGH"
            }
          ]
        },
        {
          "nfmPolygonObjectNodes": [
            {
              "m_x": -3.6799997329711918,
              "m_y": 7.692998199462892,
              "m_height": "nfm::fs::interface::EFusionHeightClass::HIGH",
              "comment": "Limiting Object 2, Street Side"
            },
            {
              "m_x": -3.5599997329711908,
              "m_y": 7.992998199462889,
              "m_height": "nfm::fs::interface::EFusionHeightClass::HIGH"
            }
          ]
        },
        {
          "nfmPolygonObjectNodes": [
            {
              "m_x": -3.5599997329711908,
              "m_y": 7.992998199462889,
              "m_height": "nfm::fs::interface::EFusionHeightClass::HIGH",
              "comment": "Limiting Object 2, Street Side"
            },
            {
              "m_x": -3.9399997329711915,
              "m_y": 8.072998199462894,
              "m_height": "nfm::fs::interface::EFusionHeightClass::HIGH"
            }
          ]
        },
        {
          "nfmPolygonObjectNodes": [
            {
              "m_x": -3.9399997329711915,
              "m_y": 8.072998199462894,
              "m_height": "nfm::fs::interface::EFusionHeightClass::HIGH",
              "comment": "Limiting Object 2, Street Side"
            },
            {
              "m_x": -4.07999973297119,
              "m_y": 7.77299819946289,
              "m_height": "nfm::fs::interface::EFusionHeightClass::HIGH"
            }
          ]
        },
        {
          "nfmPolygonObjectNodes": [
            {
              "m_x": -4.07999973297119,
              "m_y": 7.77299819946289,
              "m_height": "nfm::fs::interface::EFusionHeightClass::HIGH",
              "comment": "Limiting Object 2, Street Side"
            },
            {
              "m_x": -4.459999732971191,
              "m_y": 7.832998199462892,
              "m_height": "nfm::fs::interface::EFusionHeightClass::HIGH"
            }
          ]
        },
        {
          "nfmPolygonObjectNodes": [
            {
              "m_x": -4.459999732971191,
              "m_y": 7.832998199462892,
              "m_height": "nfm::fs::interface::EFusionHeightClass::HIGH",
              "comment": "Limiting Object 2, Street Side"
            },
            {
              "m_x": -4.339999732971192,
              "m_y": 8.152998199462893,
              "m_height": "nfm::fs::interface::EFusionHeightClass::HIGH"
            }
          ]
        },
        {
          "nfmPolygonObjectNodes": [
            {
              "m_x": -4.339999732971192,
              "m_y": 8.152998199462893,
              "m_height": "nfm::fs::interface::EFusionHeightClass::HIGH",
              "comment": "Limiting Object 2, Street Side"
            },
            {
              "m_x": -4.719999732971191,
              "m_y": 8.232998199462891,
              "m_height": "nfm::fs::interface::EFusionHeightClass::HIGH"
            }
          ]
        },
        {
          "nfmPolygonObjectNodes": [
            {
              "m_x": -4.719999732971191,
              "m_y": 8.232998199462891,
              "m_height": "nfm::fs::interface::EFusionHeightClass::HIGH",
              "comment": "Limiting Object 2, Street Side"
            },
            {
              "m_x": -4.8599997329711915,
              "m_y": 7.892998199462895,
              "m_height": "nfm::fs::interface::EFusionHeightClass::HIGH"
            }
          ]
        },
        {
          "nfmPolygonObjectNodes": [
            {
              "m_x": -5.899999732971191,
              "m_y": 8.472998199462893,
              "m_height": "nfm::fs::interface::EFusionHeightClass::HIGH",
              "comment": "Limiting Object 2, Street Side"
            },
            {
              "m_x": -5.519999732971192,
              "m_y": 8.392998199462895,
              "m_height": "nfm::fs::interface::EFusionHeightClass::HIGH"
            }
          ]
        },
        {
          "nfmPolygonObjectNodes": [
            {
              "m_x": -5.519999732971192,
              "m_y": 8.392998199462895,
              "m_height": "nfm::fs::interface::EFusionHeightClass::HIGH",
              "comment": "Limiting Object 2, Street Side"
            },
            {
              "m_x": -5.65999973297119,
              "m_y": 8.032998199462895,
              "m_height": "nfm::fs::interface::EFusionHeightClass::HIGH"
            }
          ]
        },
        {
          "nfmPolygonObjectNodes": [
            {
              "m_x": -5.65999973297119,
              "m_y": 8.032998199462895,
              "m_height": "nfm::fs::interface::EFusionHeightClass::HIGH",
              "comment": "Limiting Object 2, Street Side"
            },
            {
              "m_x": -5.259999732971192,
              "m_y": 7.972998199462893,
              "m_height": "nfm::fs::interface::EFusionHeightClass::HIGH"
            }
          ]
        },
        {
          "nfmPolygonObjectNodes": [
            {
              "m_x": -5.259999732971192,
              "m_y": 7.972998199462893,
              "m_height": "nfm::fs::interface::EFusionHeightClass::HIGH",
              "comment": "Limiting Object 2, Street Side"
            },
            {
              "m_x": -5.119999732971191,
              "m_y": 8.31299819946289,
              "m_height": "nfm::fs::interface::EFusionHeightClass::HIGH"
            }
          ]
        },
        {
          "nfmPolygonObjectNodes": [
            {
              "m_x": 2.740000267028808,
              "m_y": -7.347001800537107,
              "m_height": "nfm::fs::interface::EFusionHeightClass::HIGH",
              "comment": "Limiting Object 2, Street Side"
            },
            {
              "m_x": 3.420000267028808,
              "m_y": -7.5120018005371065,
              "m_height": "nfm::fs::interface::EFusionHeightClass::HIGH"
            }
          ]
        },
        {
          "nfmPolygonObjectNodes": [
            {
              "m_x": 3.420000267028808,
              "m_y": -7.5120018005371065,
              "m_height": "nfm::fs::interface::EFusionHeightClass::HIGH",
              "comment": "Limiting Object 2, Street Side"
            },
            {
              "m_x": 4.100000267028808,
              "m_y": -7.677001800537106,
              "m_height": "nfm::fs::interface::EFusionHeightClass::HIGH"
            }
          ]
        },
        {
          "nfmPolygonObjectNodes": [
            {
              "m_x": 4.100000267028808,
              "m_y": -7.677001800537106,
              "m_height": "nfm::fs::interface::EFusionHeightClass::HIGH",
              "comment": "Limiting Object 2, Street Side"
            },
            {
              "m_x": 4.780000267028807,
              "m_y": -7.842001800537112,
              "m_height": "nfm::fs::interface::EFusionHeightClass::HIGH"
            }
          ]
        },
        {
          "nfmPolygonObjectNodes": [
            {
              "m_x": 4.780000267028807,
              "m_y": -7.842001800537112,
              "m_height": "nfm::fs::interface::EFusionHeightClass::HIGH",
              "comment": "Limiting Object 2, Street Side"
            },
            {
              "m_x": 5.460000267028811,
              "m_y": -8.007001800537111,
              "m_height": "nfm::fs::interface::EFusionHeightClass::HIGH"
            }
          ]
        },
        {
          "nfmPolygonObjectNodes": [
            {
              "m_x": -1.9399997329711915,
              "m_y": 7.412998199462891,
              "m_height": "nfm::fs::interface::EFusionHeightClass::HIGH",
              "comment": "Limiting Object 2, Street Side"
            },
            {
              "m_x": -1.9999997329711903,
              "m_y": 7.672998199462889,
              "m_height": "nfm::fs::interface::EFusionHeightClass::HIGH"
            }
          ]
        },
        {
          "nfmPolygonObjectNodes": [
            {
              "m_x": -1.9999997329711903,
              "m_y": 7.672998199462889,
              "m_height": "nfm::fs::interface::EFusionHeightClass::HIGH",
              "comment": "Limiting Object 2, Street Side"
            },
            {
              "m_x": -2.339999732971192,
              "m_y": 7.472998199462893,
              "m_height": "nfm::fs::interface::EFusionHeightClass::HIGH"
            }
          ]
        },
        {
          "nfmPolygonObjectNodes": [
            {
              "m_x": 1.82000026702881,
              "m_y": -7.107001800537105,
              "m_height": "nfm::fs::interface::EFusionHeightClass::HIGH",
              "comment": "Limiting Object 2, Street Side"
            },
            {
              "m_x": 2.200000267028809,
              "m_y": -7.207001800537107,
              "m_height": "nfm::fs::interface::EFusionHeightClass::HIGH"
            }
          ]
        },
        {
          "nfmPolygonObjectNodes": [
            {
              "m_x": -4.519999732971192,
              "m_y": 2.752998199462894,
              "m_height": "nfm::fs::interface::EFusionHeightClass::HIGH",
              "comment": "Limiting Object 2, Street Side"
            },
            {
              "m_x": -5.1949997329711906,
              "m_y": 2.9429981994628918,
              "m_height": "nfm::fs::interface::EFusionHeightClass::HIGH"
            }
          ]
        },
        {
          "nfmPolygonObjectNodes": [
            {
              "m_x": -5.1949997329711906,
              "m_y": 2.9429981994628918,
              "m_height": "nfm::fs::interface::EFusionHeightClass::HIGH",
              "comment": "Limiting Object 2, Street Side"
            },
            {
              "m_x": -5.869999732971191,
              "m_y": 3.1329981994628895,
              "m_height": "nfm::fs::interface::EFusionHeightClass::HIGH"
            }
          ]
        },
        {
          "nfmPolygonObjectNodes": [
            {
              "m_x": -5.869999732971191,
              "m_y": 3.1329981994628895,
              "m_height": "nfm::fs::interface::EFusionHeightClass::HIGH",
              "comment": "Limiting Object 2, Street Side"
            },
            {
              "m_x": -6.544999732971192,
              "m_y": 3.3229981994628943,
              "m_height": "nfm::fs::interface::EFusionHeightClass::HIGH"
            }
          ]
        },
        {
          "nfmPolygonObjectNodes": [
            {
              "m_x": -6.544999732971192,
              "m_y": 3.3229981994628943,
              "m_height": "nfm::fs::interface::EFusionHeightClass::HIGH",
              "comment": "Limiting Object 2, Street Side"
            },
            {
              "m_x": -7.219999732971191,
              "m_y": 3.512998199462892,
              "m_height": "nfm::fs::interface::EFusionHeightClass::HIGH"
            }
          ]
        },
        {
          "nfmPolygonObjectNodes": [
            {
              "m_x": 4.260000267028808,
              "m_y": 1.4529981994628898,
              "m_height": "nfm::fs::interface::EFusionHeightClass::HIGH",
              "comment": "Limiting Object 2, Street Side"
            },
            {
              "m_x": 4.780000267028807,
              "m_y": 1.4529981994628898,
              "m_height": "nfm::fs::interface::EFusionHeightClass::HIGH"
            }
          ]
        },
        {
          "nfmPolygonObjectNodes": [
            {
              "m_x": 4.880000267028809,
              "m_y": 1.4329981994628938,
              "m_height": "nfm::fs::interface::EFusionHeightClass::HIGH",
              "comment": "Limiting Object 2, Street Side"
            },
            {
              "m_x": 5.620000267028811,
              "m_y": 1.1729981994628886,
              "m_height": "nfm::fs::interface::EFusionHeightClass::HIGH"
            }
          ]
        },
        {
          "nfmPolygonObjectNodes": [
            {
              "m_x": 2.920000267028808,
              "m_y": -3.3870018005371065,
              "m_height": "nfm::fs::interface::EFusionHeightClass::HIGH",
              "comment": "Limiting Object 2, Street Side"
            },
            {
              "m_x": 2.98000026702881,
              "m_y": -3.5670018005371062,
              "m_height": "nfm::fs::interface::EFusionHeightClass::HIGH"
            }
          ]
        },
        {
          "nfmPolygonObjectNodes": [
            {
              "m_x": 2.98000026702881,
              "m_y": -4.347001800537107,
              "m_height": "nfm::fs::interface::EFusionHeightClass::HIGH",
              "comment": "Limiting Object 2, Street Side"
            },
            {
              "m_x": 2.8800002670288087,
              "m_y": -3.6270018005371085,
              "m_height": "nfm::fs::interface::EFusionHeightClass::HIGH"
            }
          ]
        },
        {
          "nfmPolygonObjectNodes": [
            {
              "m_x": 3.16000026702881,
              "m_y": -3.72700180053711,
              "m_height": "nfm::fs::interface::EFusionHeightClass::HIGH",
              "comment": "Limiting Object 2, Street Side"
            },
            {
              "m_x": 3.16000026702881,
              "m_y": -3.747001800537106,
              "m_height": "nfm::fs::interface::EFusionHeightClass::HIGH"
            }
          ]
        },
        {
          "nfmPolygonObjectNodes": [
            {
              "m_x": 3.1800002670288094,
              "m_y": -3.8070018005371082,
              "m_height": "nfm::fs::interface::EFusionHeightClass::HIGH",
              "comment": "Limiting Object 2, Street Side"
            },
            {
              "m_x": 3.240000267028808,
              "m_y": -3.8270018005371114,
              "m_height": "nfm::fs::interface::EFusionHeightClass::HIGH"
            }
          ]
        },
        {
          "nfmPolygonObjectNodes": [
            {
              "m_x": 3.6400002670288103,
              "m_y": -3.947001800537109,
              "m_height": "nfm::fs::interface::EFusionHeightClass::HIGH",
              "comment": "Limiting Object 2, Street Side"
            },
            {
              "m_x": 4.40700026702881,
              "m_y": -4.1540018005371095,
              "m_height": "nfm::fs::interface::EFusionHeightClass::HIGH"
            }
          ]
        },
        {
          "nfmPolygonObjectNodes": [
            {
              "m_x": 4.40700026702881,
              "m_y": -4.1540018005371095,
              "m_height": "nfm::fs::interface::EFusionHeightClass::HIGH",
              "comment": "Limiting Object 2, Street Side"
            },
            {
              "m_x": 5.173000267028808,
              "m_y": -4.3600018005371055,
              "m_height": "nfm::fs::interface::EFusionHeightClass::HIGH"
            }
          ]
        },
        {
          "nfmPolygonObjectNodes": [
            {
              "m_x": 5.173000267028808,
              "m_y": -4.3600018005371055,
              "m_height": "nfm::fs::interface::EFusionHeightClass::HIGH",
              "comment": "Limiting Object 2, Street Side"
            },
            {
              "m_x": 5.9400002670288075,
              "m_y": -4.567001800537106,
              "m_height": "nfm::fs::interface::EFusionHeightClass::HIGH"
            }
          ]
        },
        {
          "nfmPolygonObjectNodes": [
            {
              "m_x": -4.199999732971191,
              "m_y": 0.6529981994628926,
              "m_height": "nfm::fs::interface::EFusionHeightClass::HIGH",
              "comment": "Limiting Object 2, Street Side"
            },
            {
              "m_x": -4.9079997329711915,
              "m_y": 0.8529981994628884,
              "m_height": "nfm::fs::interface::EFusionHeightClass::HIGH"
            }
          ]
        },
        {
          "nfmPolygonObjectNodes": [
            {
              "m_x": -4.9079997329711915,
              "m_y": 0.8529981994628884,
              "m_height": "nfm::fs::interface::EFusionHeightClass::HIGH",
              "comment": "Limiting Object 2, Street Side"
            },
            {
              "m_x": -5.615999732971192,
              "m_y": 1.0529981994628912,
              "m_height": "nfm::fs::interface::EFusionHeightClass::HIGH"
            }
          ]
        },
        {
          "nfmPolygonObjectNodes": [
            {
              "m_x": -5.615999732971192,
              "m_y": 1.0529981994628912,
              "m_height": "nfm::fs::interface::EFusionHeightClass::HIGH",
              "comment": "Limiting Object 2, Street Side"
            },
            {
              "m_x": -6.323999732971192,
              "m_y": 1.252998199462894,
              "m_height": "nfm::fs::interface::EFusionHeightClass::HIGH"
            }
          ]
        },
        {
          "nfmPolygonObjectNodes": [
            {
              "m_x": -6.323999732971192,
              "m_y": 1.252998199462894,
              "m_height": "nfm::fs::interface::EFusionHeightClass::HIGH",
              "comment": "Limiting Object 2, Street Side"
            },
            {
              "m_x": -7.031999732971191,
              "m_y": 1.4529981994628898,
              "m_height": "nfm::fs::interface::EFusionHeightClass::HIGH"
            }
          ]
        },
        {
          "nfmPolygonObjectNodes": [
            {
              "m_x": -7.031999732971191,
              "m_y": 1.4529981994628898,
              "m_height": "nfm::fs::interface::EFusionHeightClass::HIGH",
              "comment": "Limiting Object 2, Street Side"
            },
            {
              "m_x": -7.739999732971191,
              "m_y": 1.6529981994628926,
              "m_height": "nfm::fs::interface::EFusionHeightClass::HIGH"
            }
          ]
        },
        {
          "nfmPolygonObjectNodes": [
            {
              "m_x": 3.700000267028809,
              "m_y": 1.27299819946289,
              "m_height": "nfm::fs::interface::EFusionHeightClass::HIGH",
              "comment": "Limiting Object 2, Street Side"
            },
            {
              "m_x": 3.610000267028809,
              "m_y": 1.9229981994628886,
              "m_height": "nfm::fs::interface::EFusionHeightClass::HIGH"
            }
          ]
        },
        {
          "nfmPolygonObjectNodes": [
            {
              "m_x": 3.610000267028809,
              "m_y": 1.9229981994628886,
              "m_height": "nfm::fs::interface::EFusionHeightClass::HIGH",
              "comment": "Limiting Object 2, Street Side"
            },
            {
              "m_x": 3.5200002670288093,
              "m_y": 2.5729981994628943,
              "m_height": "nfm::fs::interface::EFusionHeightClass::HIGH"
            }
          ]
        },
        {
          "nfmPolygonObjectNodes": [
            {
              "m_x": 3.5200002670288093,
              "m_y": 2.5729981994628943,
              "m_height": "nfm::fs::interface::EFusionHeightClass::HIGH",
              "comment": "Limiting Object 2, Street Side"
            },
            {
              "m_x": 3.8000002670288104,
              "m_y": 3.0729981994628943,
              "m_height": "nfm::fs::interface::EFusionHeightClass::HIGH"
            }
          ]
        },
        {
          "nfmPolygonObjectNodes": [
            {
              "m_x": 3.8000002670288104,
              "m_y": 3.0729981994628943,
              "m_height": "nfm::fs::interface::EFusionHeightClass::HIGH",
              "comment": "Limiting Object 2, Street Side"
            },
            {
              "m_x": 4.1800002670288094,
              "m_y": 3.292998199462893,
              "m_height": "nfm::fs::interface::EFusionHeightClass::HIGH"
            }
          ]
        },
        {
          "nfmPolygonObjectNodes": [
            {
              "m_x": 1.9800002670288102,
              "m_y": 3.9529981994628898,
              "m_height": "nfm::fs::interface::EFusionHeightClass::HIGH",
              "comment": "Limiting Object 2, Street Side"
            },
            {
              "m_x": 1.1800002670288094,
              "m_y": 4.27299819946289,
              "m_height": "nfm::fs::interface::EFusionHeightClass::HIGH"
            }
          ]
        },
        {
          "nfmPolygonObjectNodes": [
            {
              "m_x": 0.9800002670288084,
              "m_y": 4.27299819946289,
              "m_height": "nfm::fs::interface::EFusionHeightClass::HIGH",
              "comment": "Limiting Object 2, Street Side"
            },
            {
              "m_x": 0.2800002670288091,
              "m_y": 4.472998199462893,
              "m_height": "nfm::fs::interface::EFusionHeightClass::HIGH"
            }
          ]
        },
        {
          "nfmPolygonObjectNodes": [
            {
              "m_x": 0.2800002670288091,
              "m_y": 4.472998199462893,
              "m_height": "nfm::fs::interface::EFusionHeightClass::HIGH",
              "comment": "Limiting Object 2, Street Side"
            },
            {
              "m_x": -0.2199997329711909,
              "m_y": 4.3729981994628915,
              "m_height": "nfm::fs::interface::EFusionHeightClass::HIGH"
            }
          ]
        },
        {
          "nfmPolygonObjectNodes": [
            {
              "m_x": -0.2199997329711909,
              "m_y": 4.3729981994628915,
              "m_height": "nfm::fs::interface::EFusionHeightClass::HIGH",
              "comment": "Limiting Object 2, Street Side"
            },
            {
              "m_x": -0.8729997329711914,
              "m_y": 4.572998199462894,
              "m_height": "nfm::fs::interface::EFusionHeightClass::HIGH"
            }
          ]
        },
        {
          "nfmPolygonObjectNodes": [
            {
              "m_x": -0.8729997329711914,
              "m_y": 4.572998199462894,
              "m_height": "nfm::fs::interface::EFusionHeightClass::HIGH",
              "comment": "Limiting Object 2, Street Side"
            },
            {
              "m_x": -1.5269997329711913,
              "m_y": 4.77299819946289,
              "m_height": "nfm::fs::interface::EFusionHeightClass::HIGH"
            }
          ]
        },
        {
          "nfmPolygonObjectNodes": [
            {
              "m_x": -1.5269997329711913,
              "m_y": 4.77299819946289,
              "m_height": "nfm::fs::interface::EFusionHeightClass::HIGH",
              "comment": "Limiting Object 2, Street Side"
            },
            {
              "m_x": -2.1799997329711918,
              "m_y": 4.972998199462893,
              "m_height": "nfm::fs::interface::EFusionHeightClass::HIGH"
            }
          ]
        },
        {
          "nfmPolygonObjectNodes": [
            {
              "m_x": -2.1799997329711918,
              "m_y": 4.972998199462893,
              "m_height": "nfm::fs::interface::EFusionHeightClass::HIGH",
              "comment": "Limiting Object 2, Street Side"
            },
            {
              "m_x": -2.719999732971191,
              "m_y": 4.972998199462893,
              "m_height": "nfm::fs::interface::EFusionHeightClass::HIGH"
            }
          ]
        },
        {
          "nfmPolygonObjectNodes": [
            {
              "m_x": 1.0600002670288085,
              "m_y": 4.252998199462894,
              "m_height": "nfm::fs::interface::EFusionHeightClass::HIGH",
              "comment": "Limiting Object 2, Street Side"
            },
            {
              "m_x": 1.0600002670288085,
              "m_y": 4.27299819946289,
              "m_height": "nfm::fs::interface::EFusionHeightClass::HIGH"
            }
          ]
        },
        {
          "nfmPolygonObjectNodes": [
            {
              "m_x": 2.080000267028808,
              "m_y": 4.012998199462892,
              "m_height": "nfm::fs::interface::EFusionHeightClass::HIGH",
              "comment": "Limiting Object 2, Street Side"
            },
            {
              "m_x": 2.8800002670288087,
              "m_y": 3.8929981994628946,
              "m_height": "nfm::fs::interface::EFusionHeightClass::HIGH"
            }
          ]
        },
        {
          "nfmPolygonObjectNodes": [
            {
              "m_x": 2.8800002670288087,
              "m_y": 3.8929981994628946,
              "m_height": "nfm::fs::interface::EFusionHeightClass::HIGH",
              "comment": "Limiting Object 2, Street Side"
            },
            {
              "m_x": 3.6800002670288094,
              "m_y": 3.77299819946289,
              "m_height": "nfm::fs::interface::EFusionHeightClass::HIGH"
            }
          ]
        },
        {
          "nfmPolygonObjectNodes": [
            {
              "m_x": 3.6800002670288094,
              "m_y": 3.77299819946289,
              "m_height": "nfm::fs::interface::EFusionHeightClass::HIGH",
              "comment": "Limiting Object 2, Street Side"
            },
            {
              "m_x": 4.280000267028807,
              "m_y": 3.3329981994628923,
              "m_height": "nfm::fs::interface::EFusionHeightClass::HIGH"
            }
          ]
        },
        {
          "nfmPolygonObjectNodes": [
            {
              "m_x": 4.360000267028809,
              "m_y": 3.252998199462894,
              "m_height": "nfm::fs::interface::EFusionHeightClass::HIGH",
              "comment": "Limiting Object 2, Street Side"
            },
            {
              "m_x": 4.380000267028809,
              "m_y": 3.292998199462893,
              "m_height": "nfm::fs::interface::EFusionHeightClass::HIGH"
            }
          ]
        },
        {
          "nfmPolygonObjectNodes": [
            {
              "m_x": 7.84000026702881,
              "m_y": 2.752998199462894,
              "m_height": "nfm::fs::interface::EFusionHeightClass::HIGH",
              "comment": "Limiting Object 2, Street Side"
            },
            {
              "m_x": 7.150000267028808,
              "m_y": 2.8729981994628915,
              "m_height": "nfm::fs::interface::EFusionHeightClass::HIGH"
            }
          ]
        },
        {
          "nfmPolygonObjectNodes": [
            {
              "m_x": 7.150000267028808,
              "m_y": 2.8729981994628915,
              "m_height": "nfm::fs::interface::EFusionHeightClass::HIGH",
              "comment": "Limiting Object 2, Street Side"
            },
            {
              "m_x": 6.460000267028811,
              "m_y": 2.992998199462889,
              "m_height": "nfm::fs::interface::EFusionHeightClass::HIGH"
            }
          ]
        },
        {
          "nfmPolygonObjectNodes": [
            {
              "m_x": 6.460000267028811,
              "m_y": 2.992998199462889,
              "m_height": "nfm::fs::interface::EFusionHeightClass::HIGH",
              "comment": "Limiting Object 2, Street Side"
            },
            {
              "m_x": 5.770000267028809,
              "m_y": 3.1129981994628935,
              "m_height": "nfm::fs::interface::EFusionHeightClass::HIGH"
            }
          ]
        },
        {
          "nfmPolygonObjectNodes": [
            {
              "m_x": 5.770000267028809,
              "m_y": 3.1129981994628935,
              "m_height": "nfm::fs::interface::EFusionHeightClass::HIGH",
              "comment": "Limiting Object 2, Street Side"
            },
            {
              "m_x": 5.080000267028808,
              "m_y": 3.232998199462891,
              "m_height": "nfm::fs::interface::EFusionHeightClass::HIGH"
            }
          ]
        },
        {
          "nfmPolygonObjectNodes": [
            {
              "m_x": 5.080000267028808,
              "m_y": 3.232998199462891,
              "m_height": "nfm::fs::interface::EFusionHeightClass::HIGH",
              "comment": "Limiting Object 2, Street Side"
            },
            {
              "m_x": 4.9400002670288075,
              "m_y": 3.4129981994628906,
              "m_height": "nfm::fs::interface::EFusionHeightClass::HIGH"
            }
          ]
        },
        {
          "nfmPolygonObjectNodes": [
            {
              "m_x": 4.9400002670288075,
              "m_y": 3.4129981994628906,
              "m_height": "nfm::fs::interface::EFusionHeightClass::HIGH",
              "comment": "Limiting Object 2, Street Side"
            },
            {
              "m_x": 4.34000026702881,
              "m_y": 3.3729981994628915,
              "m_height": "nfm::fs::interface::EFusionHeightClass::HIGH"
            }
          ]
        },
        {
          "nfmPolygonObjectNodes": [
            {
              "m_x": -2.9399997329711915,
              "m_y": 5.412998199462891,
              "m_height": "nfm::fs::interface::EFusionHeightClass::HIGH",
              "comment": "Limiting Object 2, Street Side"
            },
            {
              "m_x": -3.0799997329711903,
              "m_y": 5.6129981994628935,
              "m_height": "nfm::fs::interface::EFusionHeightClass::HIGH"
            }
          ]
        },
        {
          "nfmPolygonObjectNodes": [
            {
              "m_x": -3.0799997329711903,
              "m_y": 5.6129981994628935,
              "m_height": "nfm::fs::interface::EFusionHeightClass::HIGH",
              "comment": "Limiting Object 2, Street Side"
            },
            {
              "m_x": -2.8199997329711906,
              "m_y": 5.59299819946289,
              "m_height": "nfm::fs::interface::EFusionHeightClass::HIGH"
            }
          ]
        },
        {
          "nfmPolygonObjectNodes": [
            {
              "m_x": -3.219999732971191,
              "m_y": 5.652998199462893,
              "m_height": "nfm::fs::interface::EFusionHeightClass::HIGH",
              "comment": "Limiting Object 2, Street Side"
            },
            {
              "m_x": -3.039999732971191,
              "m_y": 5.892998199462895,
              "m_height": "nfm::fs::interface::EFusionHeightClass::HIGH"
            }
          ]
        },
        {
          "nfmPolygonObjectNodes": [
            {
              "m_x": -3.5999997329711917,
              "m_y": 5.712998199462895,
              "m_height": "nfm::fs::interface::EFusionHeightClass::HIGH",
              "comment": "Limiting Object 2, Street Side"
            },
            {
              "m_x": -4.392999732971191,
              "m_y": 5.8459981994628905,
              "m_height": "nfm::fs::interface::EFusionHeightClass::HIGH"
            }
          ]
        },
        {
          "nfmPolygonObjectNodes": [
            {
              "m_x": -4.392999732971191,
              "m_y": 5.8459981994628905,
              "m_height": "nfm::fs::interface::EFusionHeightClass::HIGH",
              "comment": "Limiting Object 2, Street Side"
            },
            {
              "m_x": -5.186999732971191,
              "m_y": 5.979998199462891,
              "m_height": "nfm::fs::interface::EFusionHeightClass::HIGH"
            }
          ]
        },
        {
          "nfmPolygonObjectNodes": [
            {
              "m_x": -5.186999732971191,
              "m_y": 5.979998199462891,
              "m_height": "nfm::fs::interface::EFusionHeightClass::HIGH",
              "comment": "Limiting Object 2, Street Side"
            },
            {
              "m_x": -5.979999732971191,
              "m_y": 6.1129981994628935,
              "m_height": "nfm::fs::interface::EFusionHeightClass::HIGH"
            }
          ]
        },
        {
          "nfmPolygonObjectNodes": [
            {
              "m_x": 1.32000026702881,
              "m_y": -3.5470018005371102,
              "m_height": "nfm::fs::interface::EFusionHeightClass::HIGH",
              "comment": "Limiting Object 2, Street Side"
            },
            {
              "m_x": 1.3800002670288087,
              "m_y": -3.687001800537111,
              "m_height": "nfm::fs::interface::EFusionHeightClass::HIGH"
            }
          ]
        },
        {
          "nfmPolygonObjectNodes": [
            {
              "m_x": 1.3800002670288087,
              "m_y": -3.687001800537111,
              "m_height": "nfm::fs::interface::EFusionHeightClass::HIGH",
              "comment": "Limiting Object 2, Street Side"
            },
            {
              "m_x": 1.1800002670288094,
              "m_y": -3.72700180053711,
              "m_height": "nfm::fs::interface::EFusionHeightClass::HIGH"
            }
          ]
        },
        {
          "nfmPolygonObjectNodes": [
            {
              "m_x": -3.6199997329711913,
              "m_y": 0.7929981994628932,
              "m_height": "nfm::fs::interface::EFusionHeightClass::HIGH",
              "comment": "Limiting Object 2, Street Side"
            },
            {
              "m_x": -3.6999997329711913,
              "m_y": 0.9729981994628929,
              "m_height": "nfm::fs::interface::EFusionHeightClass::HIGH"
            }
          ]
        },
        {
          "nfmPolygonObjectNodes": [
            {
              "m_x": -3.6999997329711913,
              "m_y": 0.9729981994628929,
              "m_height": "nfm::fs::interface::EFusionHeightClass::HIGH",
              "comment": "Limiting Object 2, Street Side"
            },
            {
              "m_x": -3.499999732971192,
              "m_y": 1.27299819946289,
              "m_height": "nfm::fs::interface::EFusionHeightClass::HIGH"
            }
          ]
        },
        {
          "nfmPolygonObjectNodes": [
            {
              "m_x": -3.499999732971192,
              "m_y": 1.27299819946289,
              "m_height": "nfm::fs::interface::EFusionHeightClass::HIGH",
              "comment": "Limiting Object 2, Street Side"
            },
            {
              "m_x": -3.379999732971191,
              "m_y": 2.0729981994628943,
              "m_height": "nfm::fs::interface::EFusionHeightClass::HIGH"
            }
          ]
        },
        {
          "nfmPolygonObjectNodes": [
            {
              "m_x": -3.379999732971191,
              "m_y": 2.0729981994628943,
              "m_height": "nfm::fs::interface::EFusionHeightClass::HIGH",
              "comment": "Limiting Object 2, Street Side"
            },
            {
              "m_x": -3.539999732971191,
              "m_y": 2.3729981994628915,
              "m_height": "nfm::fs::interface::EFusionHeightClass::HIGH"
            }
          ]
        },
        {
          "nfmPolygonObjectNodes": [
            {
              "m_x": -3.539999732971191,
              "m_y": 2.3729981994628915,
              "m_height": "nfm::fs::interface::EFusionHeightClass::HIGH",
              "comment": "Limiting Object 2, Street Side"
            },
            {
              "m_x": -3.8999997329711906,
              "m_y": 2.5729981994628943,
              "m_height": "nfm::fs::interface::EFusionHeightClass::HIGH"
            }
          ]
        },
        {
          "nfmPolygonObjectNodes": [
            {
              "m_x": 1.3800002670288087,
              "m_y": -2.8870018005371065,
              "m_height": "nfm::fs::interface::EFusionHeightClass::HIGH",
              "comment": "Limiting Object 2, Street Side"
            },
            {
              "m_x": 1.5400002670288089,
              "m_y": -3.027001800537107,
              "m_height": "nfm::fs::interface::EFusionHeightClass::HIGH"
            }
          ]
        },
        {
          "nfmPolygonObjectNodes": [
            {
              "m_x": 2.6400002670288103,
              "m_y": -2.967001800537112,
              "m_height": "nfm::fs::interface::EFusionHeightClass::HIGH",
              "comment": "Limiting Object 2, Street Side"
            },
            {
              "m_x": 2.5200002670288093,
              "m_y": -3.0470018005371102,
              "m_height": "nfm::fs::interface::EFusionHeightClass::HIGH"
            }
          ]
        },
        {
          "nfmPolygonObjectNodes": [
            {
              "m_x": 2.5200002670288093,
              "m_y": -3.0470018005371102,
              "m_height": "nfm::fs::interface::EFusionHeightClass::HIGH",
              "comment": "Limiting Object 2, Street Side"
            },
            {
              "m_x": 2.2200002670288086,
              "m_y": -2.747001800537106,
              "m_height": "nfm::fs::interface::EFusionHeightClass::HIGH"
            }
          ]
        },
        {
          "nfmPolygonObjectNodes": [
            {
              "m_x": 2.2200002670288086,
              "m_y": -2.747001800537106,
              "m_height": "nfm::fs::interface::EFusionHeightClass::HIGH",
              "comment": "Limiting Object 2, Street Side"
            },
            {
              "m_x": 2.580000267028808,
              "m_y": -1.9270018005371057,
              "m_height": "nfm::fs::interface::EFusionHeightClass::HIGH"
            }
          ]
        },
        {
          "nfmPolygonObjectNodes": [
            {
              "m_x": 2.580000267028808,
              "m_y": -1.9270018005371057,
              "m_height": "nfm::fs::interface::EFusionHeightClass::HIGH",
              "comment": "Limiting Object 2, Street Side"
            },
            {
              "m_x": 3.1300002670288087,
              "m_y": -2.0570018005371082,
              "m_height": "nfm::fs::interface::EFusionHeightClass::HIGH"
            }
          ]
        },
        {
          "nfmPolygonObjectNodes": [
            {
              "m_x": 3.1300002670288087,
              "m_y": -2.0570018005371082,
              "m_height": "nfm::fs::interface::EFusionHeightClass::HIGH",
              "comment": "Limiting Object 2, Street Side"
            },
            {
              "m_x": 3.6800002670288094,
              "m_y": -2.187001800537111,
              "m_height": "nfm::fs::interface::EFusionHeightClass::HIGH"
            }
          ]
        },
        {
          "nfmPolygonObjectNodes": [
            {
              "m_x": 3.6800002670288094,
              "m_y": -2.187001800537111,
              "m_height": "nfm::fs::interface::EFusionHeightClass::HIGH",
              "comment": "Limiting Object 2, Street Side"
            },
            {
              "m_x": 4.5600002670288085,
              "m_y": -1.9270018005371057,
              "m_height": "nfm::fs::interface::EFusionHeightClass::HIGH"
            }
          ]
        },
        {
          "nfmPolygonObjectNodes": [
            {
              "m_x": 4.5600002670288085,
              "m_y": -1.9270018005371057,
              "m_height": "nfm::fs::interface::EFusionHeightClass::HIGH",
              "comment": "Limiting Object 2, Street Side"
            },
            {
              "m_x": 4.98000026702881,
              "m_y": -2.187001800537111,
              "m_height": "nfm::fs::interface::EFusionHeightClass::HIGH"
            }
          ]
        },
        {
          "nfmPolygonObjectNodes": [
            {
              "m_x": 4.98000026702881,
              "m_y": -2.187001800537111,
              "m_height": "nfm::fs::interface::EFusionHeightClass::HIGH",
              "comment": "Limiting Object 2, Street Side"
            },
            {
              "m_x": 5.100000267028808,
              "m_y": -2.027001800537107,
              "m_height": "nfm::fs::interface::EFusionHeightClass::HIGH"
            }
          ]
        },
        {
          "nfmPolygonObjectNodes": [
            {
              "m_x": 5.280000267028807,
              "m_y": -2.1270018005371085,
              "m_height": "nfm::fs::interface::EFusionHeightClass::HIGH",
              "comment": "Limiting Object 2, Street Side"
            },
            {
              "m_x": 5.880000267028809,
              "m_y": -2.5670018005371062,
              "m_height": "nfm::fs::interface::EFusionHeightClass::HIGH"
            }
          ]
        },
        {
          "nfmPolygonObjectNodes": [
            {
              "m_x": 1.3000002670288104,
              "m_y": -1.9470018005371088,
              "m_height": "nfm::fs::interface::EFusionHeightClass::HIGH",
              "comment": "Limiting Object 2, Street Side"
            },
            {
              "m_x": 1.32000026702881,
              "m_y": -2.1270018005371085,
              "m_height": "nfm::fs::interface::EFusionHeightClass::HIGH"
            }
          ]
        }
      ]
    }
  }
}
