{
  "PmpParameters": "default",
  "CommonParameters": "default",
  "Frames": {
    "0": {
      "PlanningRequest": {
        "m_startDirection": "common::EnmStartDirection::startAutoDefineDirection",
        "m_startPosture": {
          "m_pose": [
            1.0882009267807007,
            2.7371246814727783,
            0.6349292397499084
          ],
          "m_curvature": 0.0
        },
        "m_targetArea": {
          "m_targetPosture": {
            "m_pose": [
              -1.8371796607971191,
              -7.2657318115234375,
              0.853759765625
            ],
            "m_curvature": 0.0
          },
          "m_lateralTolerance": 0.05,
          "m_longitudinalTolerance": 0.05,
          "m_orientationTolerance": 0.01,
          "m_targetDirection": "common::EnmStartDirection::startAutoDefineDirection"
        }
      },
      "m_parkingScenario": "EParkingScenario::PARKING_CPSC_BI",
      "NfmAggregatedPolygonObjects": [
        {
          "nfmPolygonObjectNodes": [
            {
              "m_x": -7.671999797821045,
              "m_y": 12.526000022888184,
              "m_height": "nfm::fs::interface::EFusionHeightClass::HIGH",
              "comment": "Limiting Object 2, Street Side"
            },
            {
              "m_x": -8.371999797821045,
              "m_y": 12.966000022888183,
              "m_height": "nfm::fs::interface::EFusionHeightClass::HIGH"
            }
          ]
        },
        {
          "nfmPolygonObjectNodes": [
            {
              "m_x": -8.371999797821045,
              "m_y": 12.966000022888183,
              "m_height": "nfm::fs::interface::EFusionHeightClass::HIGH",
              "comment": "Limiting Object 2, Street Side"
            },
            {
              "m_x": -8.431999797821046,
              "m_y": 13.286000022888183,
              "m_height": "nfm::fs::interface::EFusionHeightClass::HIGH"
            }
          ]
        },
        {
          "nfmPolygonObjectNodes": [
            {
              "m_x": -8.431999797821046,
              "m_y": 13.286000022888183,
              "m_height": "nfm::fs::interface::EFusionHeightClass::HIGH",
              "comment": "Limiting Object 2, Street Side"
            },
            {
              "m_x": -8.951999797821045,
              "m_y": 13.686000022888184,
              "m_height": "nfm::fs::interface::EFusionHeightClass::HIGH"
            }
          ]
        },
        {
          "nfmPolygonObjectNodes": [
            {
              "m_x": -12.871999797821045,
              "m_y": 4.806000022888184,
              "m_height": "nfm::fs::interface::EFusionHeightClass::HIGH",
              "comment": "Limiting Object 2, Street Side"
            },
            {
              "m_x": -12.651999797821045,
              "m_y": 5.086000022888184,
              "m_height": "nfm::fs::interface::EFusionHeightClass::HIGH"
            }
          ]
        },
        {
          "nfmPolygonObjectNodes": [
            {
              "m_x": -12.651999797821045,
              "m_y": 5.086000022888184,
              "m_height": "nfm::fs::interface::EFusionHeightClass::HIGH",
              "comment": "Limiting Object 2, Street Side"
            },
            {
              "m_x": -12.711999797821045,
              "m_y": 5.386000022888183,
              "m_height": "nfm::fs::interface::EFusionHeightClass::HIGH"
            }
          ]
        },
        {
          "nfmPolygonObjectNodes": [
            {
              "m_x": -12.711999797821045,
              "m_y": 5.386000022888183,
              "m_height": "nfm::fs::interface::EFusionHeightClass::HIGH",
              "comment": "Limiting Object 2, Street Side"
            },
            {
              "m_x": -12.271999797821046,
              "m_y": 5.506000022888184,
              "m_height": "nfm::fs::interface::EFusionHeightClass::HIGH"
            }
          ]
        },
        {
          "nfmPolygonObjectNodes": [
            {
              "m_x": -12.271999797821046,
              "m_y": 5.506000022888184,
              "m_height": "nfm::fs::interface::EFusionHeightClass::HIGH",
              "comment": "Limiting Object 2, Street Side"
            },
            {
              "m_x": -12.271999797821046,
              "m_y": 5.346000022888184,
              "m_height": "nfm::fs::interface::EFusionHeightClass::HIGH"
            }
          ]
        },
        {
          "nfmPolygonObjectNodes": [
            {
              "m_x": -12.271999797821046,
              "m_y": 5.346000022888184,
              "m_height": "nfm::fs::interface::EFusionHeightClass::HIGH",
              "comment": "Limiting Object 2, Street Side"
            },
            {
              "m_x": -11.801999797821045,
              "m_y": 4.966000022888183,
              "m_height": "nfm::fs::interface::EFusionHeightClass::HIGH"
            }
          ]
        },
        {
          "nfmPolygonObjectNodes": [
            {
              "m_x": -11.801999797821045,
              "m_y": 4.966000022888183,
              "m_height": "nfm::fs::interface::EFusionHeightClass::HIGH",
              "comment": "Limiting Object 2, Street Side"
            },
            {
              "m_x": -11.331999797821044,
              "m_y": 4.586000022888184,
              "m_height": "nfm::fs::interface::EFusionHeightClass::HIGH"
            }
          ]
        },
        {
          "nfmPolygonObjectNodes": [
            {
              "m_x": -11.331999797821044,
              "m_y": 4.586000022888184,
              "m_height": "nfm::fs::interface::EFusionHeightClass::HIGH",
              "comment": "Limiting Object 2, Street Side"
            },
            {
              "m_x": -11.651999797821045,
              "m_y": 4.286000022888183,
              "m_height": "nfm::fs::interface::EFusionHeightClass::HIGH"
            }
          ]
        },
        {
          "nfmPolygonObjectNodes": [
            {
              "m_x": -11.651999797821045,
              "m_y": 4.286000022888183,
              "m_height": "nfm::fs::interface::EFusionHeightClass::HIGH",
              "comment": "Limiting Object 2, Street Side"
            },
            {
              "m_x": -11.871999797821045,
              "m_y": 4.526000022888184,
              "m_height": "nfm::fs::interface::EFusionHeightClass::HIGH"
            }
          ]
        },
        {
          "nfmPolygonObjectNodes": [
            {
              "m_x": -11.871999797821045,
              "m_y": 4.526000022888184,
              "m_height": "nfm::fs::interface::EFusionHeightClass::HIGH",
              "comment": "Limiting Object 2, Street Side"
            },
            {
              "m_x": -12.191999797821044,
              "m_y": 4.286000022888183,
              "m_height": "nfm::fs::interface::EFusionHeightClass::HIGH"
            }
          ]
        },
        {
          "nfmPolygonObjectNodes": [
            {
              "m_x": -11.631999797821045,
              "m_y": 5.186000022888184,
              "m_height": "nfm::fs::interface::EFusionHeightClass::HIGH",
              "comment": "Limiting Object 2, Street Side"
            },
            {
              "m_x": -11.671999797821044,
              "m_y": 5.206000022888183,
              "m_height": "nfm::fs::interface::EFusionHeightClass::HIGH"
            }
          ]
        },
        {
          "nfmPolygonObjectNodes": [
            {
              "m_x": -11.731999797821045,
              "m_y": 5.286000022888183,
              "m_height": "nfm::fs::interface::EFusionHeightClass::HIGH",
              "comment": "Limiting Object 2, Street Side"
            },
            {
              "m_x": -11.771999797821046,
              "m_y": 5.306000022888184,
              "m_height": "nfm::fs::interface::EFusionHeightClass::HIGH"
            }
          ]
        },
        {
          "nfmPolygonObjectNodes": [
            {
              "m_x": -7.151999797821045,
              "m_y": 11.926000022888184,
              "m_height": "nfm::fs::interface::EFusionHeightClass::HIGH",
              "comment": "Limiting Object 2, Street Side"
            },
            {
              "m_x": -7.111999797821045,
              "m_y": 12.026000022888184,
              "m_height": "nfm::fs::interface::EFusionHeightClass::HIGH"
            }
          ]
        },
        {
          "nfmPolygonObjectNodes": [
            {
              "m_x": -5.171999797821044,
              "m_y": 12.566000022888185,
              "m_height": "nfm::fs::interface::EFusionHeightClass::HIGH",
              "comment": "Limiting Object 2, Street Side"
            },
            {
              "m_x": -5.231999797821045,
              "m_y": 12.606000022888184,
              "m_height": "nfm::fs::interface::EFusionHeightClass::HIGH"
            }
          ]
        },
        {
          "nfmPolygonObjectNodes": [
            {
              "m_x": -4.751999797821044,
              "m_y": 11.786000022888183,
              "m_height": "nfm::fs::interface::EFusionHeightClass::HIGH",
              "comment": "Limiting Object 2, Street Side"
            },
            {
              "m_x": -5.471999797821045,
              "m_y": 11.286000022888183,
              "m_height": "nfm::fs::interface::EFusionHeightClass::HIGH"
            }
          ]
        },
        {
          "nfmPolygonObjectNodes": [
            {
              "m_x": -5.471999797821045,
              "m_y": 11.286000022888183,
              "m_height": "nfm::fs::interface::EFusionHeightClass::HIGH",
              "comment": "Limiting Object 2, Street Side"
            },
            {
              "m_x": -5.961999797821045,
              "m_y": 10.786000022888183,
              "m_height": "nfm::fs::interface::EFusionHeightClass::HIGH"
            }
          ]
        },
        {
          "nfmPolygonObjectNodes": [
            {
              "m_x": -5.961999797821045,
              "m_y": 10.786000022888183,
              "m_height": "nfm::fs::interface::EFusionHeightClass::HIGH",
              "comment": "Limiting Object 2, Street Side"
            },
            {
              "m_x": -6.451999797821045,
              "m_y": 10.286000022888183,
              "m_height": "nfm::fs::interface::EFusionHeightClass::HIGH"
            }
          ]
        },
        {
          "nfmPolygonObjectNodes": [
            {
              "m_x": -6.451999797821045,
              "m_y": 10.286000022888183,
              "m_height": "nfm::fs::interface::EFusionHeightClass::HIGH",
              "comment": "Limiting Object 2, Street Side"
            },
            {
              "m_x": -6.671999797821045,
              "m_y": 10.486000022888184,
              "m_height": "nfm::fs::interface::EFusionHeightClass::HIGH"
            }
          ]
        },
        {
          "nfmPolygonObjectNodes": [
            {
              "m_x": -6.671999797821045,
              "m_y": 10.486000022888184,
              "m_height": "nfm::fs::interface::EFusionHeightClass::HIGH",
              "comment": "Limiting Object 2, Street Side"
            },
            {
              "m_x": -6.691999797821045,
              "m_y": 10.786000022888183,
              "m_height": "nfm::fs::interface::EFusionHeightClass::HIGH"
            }
          ]
        },
        {
          "nfmPolygonObjectNodes": [
            {
              "m_x": -6.691999797821045,
              "m_y": 10.786000022888183,
              "m_height": "nfm::fs::interface::EFusionHeightClass::HIGH",
              "comment": "Limiting Object 2, Street Side"
            },
            {
              "m_x": -7.181999797821045,
              "m_y": 11.166000022888184,
              "m_height": "nfm::fs::interface::EFusionHeightClass::HIGH"
            }
          ]
        },
        {
          "nfmPolygonObjectNodes": [
            {
              "m_x": -7.181999797821045,
              "m_y": 11.166000022888184,
              "m_height": "nfm::fs::interface::EFusionHeightClass::HIGH",
              "comment": "Limiting Object 2, Street Side"
            },
            {
              "m_x": -7.671999797821045,
              "m_y": 11.546000022888183,
              "m_height": "nfm::fs::interface::EFusionHeightClass::HIGH"
            }
          ]
        },
        {
          "nfmPolygonObjectNodes": [
            {
              "m_x": -6.051999797821045,
              "m_y": 11.146000022888185,
              "m_height": "nfm::fs::interface::EFusionHeightClass::HIGH",
              "comment": "Limiting Object 2, Street Side"
            },
            {
              "m_x": -6.091999797821045,
              "m_y": 11.186000022888184,
              "m_height": "nfm::fs::interface::EFusionHeightClass::HIGH"
            }
          ]
        },
        {
          "nfmPolygonObjectNodes": [
            {
              "m_x": -6.591999797821045,
              "m_y": 10.986000022888184,
              "m_height": "nfm::fs::interface::EFusionHeightClass::HIGH",
              "comment": "Limiting Object 2, Street Side"
            },
            {
              "m_x": -6.551999797821045,
              "m_y": 11.046000022888183,
              "m_height": "nfm::fs::interface::EFusionHeightClass::HIGH"
            }
          ]
        },
        {
          "nfmPolygonObjectNodes": [
            {
              "m_x": 1.0680002021789559,
              "m_y": -6.793999977111817,
              "m_height": "nfm::fs::interface::EFusionHeightClass::HIGH",
              "comment": "Limiting Object 2, Street Side"
            },
            {
              "m_x": 0.648000202178955,
              "m_y": -7.473999977111816,
              "m_height": "nfm::fs::interface::EFusionHeightClass::HIGH"
            }
          ]
        },
        {
          "nfmPolygonObjectNodes": [
            {
              "m_x": 0.648000202178955,
              "m_y": -7.473999977111816,
              "m_height": "nfm::fs::interface::EFusionHeightClass::HIGH",
              "comment": "Limiting Object 2, Street Side"
            },
            {
              "m_x": 0.0480002021789554,
              "m_y": -7.993999977111816,
              "m_height": "nfm::fs::interface::EFusionHeightClass::HIGH"
            }
          ]
        },
        {
          "nfmPolygonObjectNodes": [
            {
              "m_x": 2.6280002021789546,
              "m_y": -4.6339999771118165,
              "m_height": "nfm::fs::interface::EFusionHeightClass::HIGH",
              "comment": "Limiting Object 2, Street Side"
            },
            {
              "m_x": 2.648000202178956,
              "m_y": -4.6339999771118165,
              "m_height": "nfm::fs::interface::EFusionHeightClass::HIGH"
            }
          ]
        },
        {
          "nfmPolygonObjectNodes": [
            {
              "m_x": -4.751999797821044,
              "m_y": -0.09399997711181651,
              "m_height": "nfm::fs::interface::EFusionHeightClass::HIGH",
              "comment": "Limiting Object 2, Street Side"
            },
            {
              "m_x": -4.771999797821045,
              "m_y": -0.13399997711181655,
              "m_height": "nfm::fs::interface::EFusionHeightClass::HIGH"
            }
          ]
        },
        {
          "nfmPolygonObjectNodes": [
            {
              "m_x": -4.511999797821044,
              "m_y": -0.8739999771118163,
              "m_height": "nfm::fs::interface::EFusionHeightClass::HIGH",
              "comment": "Limiting Object 2, Street Side"
            },
            {
              "m_x": -4.941999797821045,
              "m_y": -0.4539999771118164,
              "m_height": "nfm::fs::interface::EFusionHeightClass::HIGH"
            }
          ]
        },
        {
          "nfmPolygonObjectNodes": [
            {
              "m_x": -4.941999797821045,
              "m_y": -0.4539999771118164,
              "m_height": "nfm::fs::interface::EFusionHeightClass::HIGH",
              "comment": "Limiting Object 2, Street Side"
            },
            {
              "m_x": -5.371999797821045,
              "m_y": -0.03399997711181646,
              "m_height": "nfm::fs::interface::EFusionHeightClass::HIGH"
            }
          ]
        },
        {
          "nfmPolygonObjectNodes": [
            {
              "m_x": -5.291999797821045,
              "m_y": -1.3539999771118163,
              "m_height": "nfm::fs::interface::EFusionHeightClass::HIGH",
              "comment": "Limiting Object 2, Street Side"
            },
            {
              "m_x": -5.251999797821044,
              "m_y": -1.1739999771118166,
              "m_height": "nfm::fs::interface::EFusionHeightClass::HIGH"
            }
          ]
        },
        {
          "nfmPolygonObjectNodes": [
            {
              "m_x": -5.251999797821044,
              "m_y": -1.1739999771118166,
              "m_height": "nfm::fs::interface::EFusionHeightClass::HIGH",
              "comment": "Limiting Object 2, Street Side"
            },
            {
              "m_x": -4.871999797821045,
              "m_y": -1.0939999771118165,
              "m_height": "nfm::fs::interface::EFusionHeightClass::HIGH"
            }
          ]
        },
        {
          "nfmPolygonObjectNodes": [
            {
              "m_x": -4.871999797821045,
              "m_y": -1.0939999771118165,
              "m_height": "nfm::fs::interface::EFusionHeightClass::HIGH",
              "comment": "Limiting Object 2, Street Side"
            },
            {
              "m_x": -4.711999797821045,
              "m_y": -1.2339999771118166,
              "m_height": "nfm::fs::interface::EFusionHeightClass::HIGH"
            }
          ]
        },
        {
          "nfmPolygonObjectNodes": [
            {
              "m_x": 8.448000202178955,
              "m_y": 2.3860000228881835,
              "m_height": "nfm::fs::interface::EFusionHeightClass::HIGH",
              "comment": "Limiting Object 2, Street Side"
            },
            {
              "m_x": 8.588000202178955,
              "m_y": 1.9660000228881835,
              "m_height": "nfm::fs::interface::EFusionHeightClass::HIGH"
            }
          ]
        },
        {
          "nfmPolygonObjectNodes": [
            {
              "m_x": 8.588000202178955,
              "m_y": 1.9660000228881835,
              "m_height": "nfm::fs::interface::EFusionHeightClass::HIGH",
              "comment": "Limiting Object 2, Street Side"
            },
            {
              "m_x": 8.028000202178955,
              "m_y": 1.5860000228881836,
              "m_height": "nfm::fs::interface::EFusionHeightClass::HIGH"
            }
          ]
        },
        {
          "nfmPolygonObjectNodes": [
            {
              "m_x": 8.028000202178955,
              "m_y": 1.5860000228881836,
              "m_height": "nfm::fs::interface::EFusionHeightClass::HIGH",
              "comment": "Limiting Object 2, Street Side"
            },
            {
              "m_x": 7.748000202178956,
              "m_y": 1.1060000228881837,
              "m_height": "nfm::fs::interface::EFusionHeightClass::HIGH"
            }
          ]
        },
        {
          "nfmPolygonObjectNodes": [
            {
              "m_x": 7.748000202178956,
              "m_y": 1.1060000228881837,
              "m_height": "nfm::fs::interface::EFusionHeightClass::HIGH",
              "comment": "Limiting Object 2, Street Side"
            },
            {
              "m_x": 6.908000202178956,
              "m_y": 0.9660000228881835,
              "m_height": "nfm::fs::interface::EFusionHeightClass::HIGH"
            }
          ]
        },
        {
          "nfmPolygonObjectNodes": [
            {
              "m_x": 6.908000202178956,
              "m_y": 0.9660000228881835,
              "m_height": "nfm::fs::interface::EFusionHeightClass::HIGH",
              "comment": "Limiting Object 2, Street Side"
            },
            {
              "m_x": 6.628000202178955,
              "m_y": 0.5660000228881836,
              "m_height": "nfm::fs::interface::EFusionHeightClass::HIGH"
            }
          ]
        },
        {
          "nfmPolygonObjectNodes": [
            {
              "m_x": 6.628000202178955,
              "m_y": 0.5660000228881836,
              "m_height": "nfm::fs::interface::EFusionHeightClass::HIGH",
              "comment": "Limiting Object 2, Street Side"
            },
            {
              "m_x": 6.648000202178956,
              "m_y": -0.03399997711181646,
              "m_height": "nfm::fs::interface::EFusionHeightClass::HIGH"
            }
          ]
        },
        {
          "nfmPolygonObjectNodes": [
            {
              "m_x": 6.648000202178956,
              "m_y": -0.03399997711181646,
              "m_height": "nfm::fs::interface::EFusionHeightClass::HIGH",
              "comment": "Limiting Object 2, Street Side"
            },
            {
              "m_x": 6.2210002021789546,
              "m_y": -0.4669999771118163,
              "m_height": "nfm::fs::interface::EFusionHeightClass::HIGH"
            }
          ]
        },
        {
          "nfmPolygonObjectNodes": [
            {
              "m_x": 6.2210002021789546,
              "m_y": -0.4669999771118163,
              "m_height": "nfm::fs::interface::EFusionHeightClass::HIGH",
              "comment": "Limiting Object 2, Street Side"
            },
            {
              "m_x": 5.795000202178956,
              "m_y": -0.9009999771118165,
              "m_height": "nfm::fs::interface::EFusionHeightClass::HIGH"
            }
          ]
        },
        {
          "nfmPolygonObjectNodes": [
            {
              "m_x": 5.795000202178956,
              "m_y": -0.9009999771118165,
              "m_height": "nfm::fs::interface::EFusionHeightClass::HIGH",
              "comment": "Limiting Object 2, Street Side"
            },
            {
              "m_x": 5.368000202178955,
              "m_y": -1.3339999771118163,
              "m_height": "nfm::fs::interface::EFusionHeightClass::HIGH"
            }
          ]
        },
        {
          "nfmPolygonObjectNodes": [
            {
              "m_x": 5.368000202178955,
              "m_y": -1.3339999771118163,
              "m_height": "nfm::fs::interface::EFusionHeightClass::HIGH",
              "comment": "Limiting Object 2, Street Side"
            },
            {
              "m_x": 5.5480002021789545,
              "m_y": -1.6539999771118161,
              "m_height": "nfm::fs::interface::EFusionHeightClass::HIGH"
            }
          ]
        },
        {
          "nfmPolygonObjectNodes": [
            {
              "m_x": 5.5480002021789545,
              "m_y": -1.6539999771118161,
              "m_height": "nfm::fs::interface::EFusionHeightClass::HIGH",
              "comment": "Limiting Object 2, Street Side"
            },
            {
              "m_x": 5.0480002021789545,
              "m_y": -2.1809999771118163,
              "m_height": "nfm::fs::interface::EFusionHeightClass::HIGH"
            }
          ]
        },
        {
          "nfmPolygonObjectNodes": [
            {
              "m_x": 5.0480002021789545,
              "m_y": -2.1809999771118163,
              "m_height": "nfm::fs::interface::EFusionHeightClass::HIGH",
              "comment": "Limiting Object 2, Street Side"
            },
            {
              "m_x": 4.5480002021789545,
              "m_y": -2.706999977111817,
              "m_height": "nfm::fs::interface::EFusionHeightClass::HIGH"
            }
          ]
        },
        {
          "nfmPolygonObjectNodes": [
            {
              "m_x": 4.5480002021789545,
              "m_y": -2.706999977111817,
              "m_height": "nfm::fs::interface::EFusionHeightClass::HIGH",
              "comment": "Limiting Object 2, Street Side"
            },
            {
              "m_x": 4.0480002021789545,
              "m_y": -3.233999977111816,
              "m_height": "nfm::fs::interface::EFusionHeightClass::HIGH"
            }
          ]
        },
        {
          "nfmPolygonObjectNodes": [
            {
              "m_x": 4.0480002021789545,
              "m_y": -3.233999977111816,
              "m_height": "nfm::fs::interface::EFusionHeightClass::HIGH",
              "comment": "Limiting Object 2, Street Side"
            },
            {
              "m_x": 3.7480002021789556,
              "m_y": -3.6839999771118164,
              "m_height": "nfm::fs::interface::EFusionHeightClass::HIGH"
            }
          ]
        },
        {
          "nfmPolygonObjectNodes": [
            {
              "m_x": 3.7480002021789556,
              "m_y": -3.6839999771118164,
              "m_height": "nfm::fs::interface::EFusionHeightClass::HIGH",
              "comment": "Limiting Object 2, Street Side"
            },
            {
              "m_x": 3.448000202178955,
              "m_y": -4.1339999771118165,
              "m_height": "nfm::fs::interface::EFusionHeightClass::HIGH"
            }
          ]
        },
        {
          "nfmPolygonObjectNodes": [
            {
              "m_x": 3.448000202178955,
              "m_y": -4.1339999771118165,
              "m_height": "nfm::fs::interface::EFusionHeightClass::HIGH",
              "comment": "Limiting Object 2, Street Side"
            },
            {
              "m_x": 3.148000202178956,
              "m_y": -4.273999977111816,
              "m_height": "nfm::fs::interface::EFusionHeightClass::HIGH"
            }
          ]
        },
        {
          "nfmPolygonObjectNodes": [
            {
              "m_x": 7.328000202178956,
              "m_y": 3.3860000228881835,
              "m_height": "nfm::fs::interface::EFusionHeightClass::HIGH",
              "comment": "Limiting Object 2, Street Side"
            },
            {
              "m_x": 6.755000202178955,
              "m_y": 3.8130000228881835,
              "m_height": "nfm::fs::interface::EFusionHeightClass::HIGH"
            }
          ]
        },
        {
          "nfmPolygonObjectNodes": [
            {
              "m_x": 6.755000202178955,
              "m_y": 3.8130000228881835,
              "m_height": "nfm::fs::interface::EFusionHeightClass::HIGH",
              "comment": "Limiting Object 2, Street Side"
            },
            {
              "m_x": 6.181000202178955,
              "m_y": 4.239000022888184,
              "m_height": "nfm::fs::interface::EFusionHeightClass::HIGH"
            }
          ]
        },
        {
          "nfmPolygonObjectNodes": [
            {
              "m_x": 6.181000202178955,
              "m_y": 4.239000022888184,
              "m_height": "nfm::fs::interface::EFusionHeightClass::HIGH",
              "comment": "Limiting Object 2, Street Side"
            },
            {
              "m_x": 5.608000202178955,
              "m_y": 4.666000022888184,
              "m_height": "nfm::fs::interface::EFusionHeightClass::HIGH"
            }
          ]
        },
        {
          "nfmPolygonObjectNodes": [
            {
              "m_x": 5.608000202178955,
              "m_y": 4.666000022888184,
              "m_height": "nfm::fs::interface::EFusionHeightClass::HIGH",
              "comment": "Limiting Object 2, Street Side"
            },
            {
              "m_x": 5.008000202178955,
              "m_y": 5.386000022888183,
              "m_height": "nfm::fs::interface::EFusionHeightClass::HIGH"
            }
          ]
        },
        {
          "nfmPolygonObjectNodes": [
            {
              "m_x": 5.008000202178955,
              "m_y": 5.386000022888183,
              "m_height": "nfm::fs::interface::EFusionHeightClass::HIGH",
              "comment": "Limiting Object 2, Street Side"
            },
            {
              "m_x": 4.388000202178956,
              "m_y": 5.846000022888184,
              "m_height": "nfm::fs::interface::EFusionHeightClass::HIGH"
            }
          ]
        },
        {
          "nfmPolygonObjectNodes": [
            {
              "m_x": 4.388000202178956,
              "m_y": 5.846000022888184,
              "m_height": "nfm::fs::interface::EFusionHeightClass::HIGH",
              "comment": "Limiting Object 2, Street Side"
            },
            {
              "m_x": 3.768000202178955,
              "m_y": 6.306000022888184,
              "m_height": "nfm::fs::interface::EFusionHeightClass::HIGH"
            }
          ]
        },
        {
          "nfmPolygonObjectNodes": [
            {
              "m_x": 3.768000202178955,
              "m_y": 6.306000022888184,
              "m_height": "nfm::fs::interface::EFusionHeightClass::HIGH",
              "comment": "Limiting Object 2, Street Side"
            },
            {
              "m_x": 3.148000202178956,
              "m_y": 6.766000022888184,
              "m_height": "nfm::fs::interface::EFusionHeightClass::HIGH"
            }
          ]
        },
        {
          "nfmPolygonObjectNodes": [
            {
              "m_x": 3.148000202178956,
              "m_y": 6.766000022888184,
              "m_height": "nfm::fs::interface::EFusionHeightClass::HIGH",
              "comment": "Limiting Object 2, Street Side"
            },
            {
              "m_x": 2.608000202178955,
              "m_y": 7.246000022888183,
              "m_height": "nfm::fs::interface::EFusionHeightClass::HIGH"
            }
          ]
        },
        {
          "nfmPolygonObjectNodes": [
            {
              "m_x": 2.608000202178955,
              "m_y": 7.246000022888183,
              "m_height": "nfm::fs::interface::EFusionHeightClass::HIGH",
              "comment": "Limiting Object 2, Street Side"
            },
            {
              "m_x": 2.068000202178956,
              "m_y": 7.726000022888184,
              "m_height": "nfm::fs::interface::EFusionHeightClass::HIGH"
            }
          ]
        },
        {
          "nfmPolygonObjectNodes": [
            {
              "m_x": 2.068000202178956,
              "m_y": 7.726000022888184,
              "m_height": "nfm::fs::interface::EFusionHeightClass::HIGH",
              "comment": "Limiting Object 2, Street Side"
            },
            {
              "m_x": 1.528000202178955,
              "m_y": 8.206000022888183,
              "m_height": "nfm::fs::interface::EFusionHeightClass::HIGH"
            }
          ]
        },
        {
          "nfmPolygonObjectNodes": [
            {
              "m_x": 1.528000202178955,
              "m_y": 8.206000022888183,
              "m_height": "nfm::fs::interface::EFusionHeightClass::HIGH",
              "comment": "Limiting Object 2, Street Side"
            },
            {
              "m_x": 0.9880002021789558,
              "m_y": 8.686000022888184,
              "m_height": "nfm::fs::interface::EFusionHeightClass::HIGH"
            }
          ]
        },
        {
          "nfmPolygonObjectNodes": [
            {
              "m_x": 0.9880002021789558,
              "m_y": 8.686000022888184,
              "m_height": "nfm::fs::interface::EFusionHeightClass::HIGH",
              "comment": "Limiting Object 2, Street Side"
            },
            {
              "m_x": 0.5880002021789554,
              "m_y": 8.486000022888184,
              "m_height": "nfm::fs::interface::EFusionHeightClass::HIGH"
            }
          ]
        },
        {
          "nfmPolygonObjectNodes": [
            {
              "m_x": 0.5880002021789554,
              "m_y": 8.486000022888184,
              "m_height": "nfm::fs::interface::EFusionHeightClass::HIGH",
              "comment": "Limiting Object 2, Street Side"
            },
            {
              "m_x": 0.12800020217895547,
              "m_y": 7.786000022888183,
              "m_height": "nfm::fs::interface::EFusionHeightClass::HIGH"
            }
          ]
        },
        {
          "nfmPolygonObjectNodes": [
            {
              "m_x": -0.8119997978210449,
              "m_y": 5.786000022888183,
              "m_height": "nfm::fs::interface::EFusionHeightClass::HIGH",
              "comment": "Limiting Object 2, Street Side"
            },
            {
              "m_x": -0.5919997978210452,
              "m_y": 6.386000022888183,
              "m_height": "nfm::fs::interface::EFusionHeightClass::HIGH"
            }
          ]
        },
        {
          "nfmPolygonObjectNodes": [
            {
              "m_x": -0.5919997978210452,
              "m_y": 6.386000022888183,
              "m_height": "nfm::fs::interface::EFusionHeightClass::HIGH",
              "comment": "Limiting Object 2, Street Side"
            },
            {
              "m_x": -0.35199979782104496,
              "m_y": 6.4060000228881835,
              "m_height": "nfm::fs::interface::EFusionHeightClass::HIGH"
            }
          ]
        },
        {
          "nfmPolygonObjectNodes": [
            {
              "m_x": -0.35199979782104496,
              "m_y": 6.4060000228881835,
              "m_height": "nfm::fs::interface::EFusionHeightClass::HIGH",
              "comment": "Limiting Object 2, Street Side"
            },
            {
              "m_x": -0.09199979782104517,
              "m_y": 6.146000022888184,
              "m_height": "nfm::fs::interface::EFusionHeightClass::HIGH"
            }
          ]
        },
        {
          "nfmPolygonObjectNodes": [
            {
              "m_x": 0.4680002021789553,
              "m_y": 5.586000022888184,
              "m_height": "nfm::fs::interface::EFusionHeightClass::HIGH",
              "comment": "Limiting Object 2, Street Side"
            },
            {
              "m_x": 0.9480002021789549,
              "m_y": 6.146000022888184,
              "m_height": "nfm::fs::interface::EFusionHeightClass::HIGH"
            }
          ]
        }
      ]
    }
  }
}
