{
    "PmpParameters": "default",
    "CommonParameters": "default",
    "Frames": {
        "0": {
            "PlanningRequest": {
                "m_startDirection": "common::EnmStartDirection::startAutoDefineDirection",
                "m_origin": [
                    1.7559999227523804,
                    -24.828001022338867
                ],
                "m_startPosture": {
                    "m_pose": [
                        0.0,
                        0.0,
                        -1.8811824957477015
                    ],
                    "m_curvature": 0.0
                },
                "m_targetArea": {
                    "m_targetPosture": {
                        "m_pose": [
                            3.0487284660339355,
                            -5.885154724121094,
                            2.8219194412231445
                        ],
                        "m_curvature": 0.0
                    },
                    "m_lateralTolerance": 0.05,
                    "m_longitudinalTolerance": 0.05,
                    "m_orientationTolerance": 0.01,
                    "m_targetDirection": "common::EnmStartDirection::startAutoDefineDirection"
                },
                "m_plannerSelectedTargetArea": {
                    "m_idealTargetPosture": {
                        "m_pose": [
                            3.0487284660339355,
                            -5.885154724121094,
                            2.8219194412231445
                        ],
                        "m_curvature": 0.0
                    },
                    "m_lateralTolerance": 0.05,
                    "m_longitudinalTolerance": 0.05,
                    "m_orientationTolerance": 0.01,
                    "m_idealTargetDirection": "common::EnmStartDirection::startAutoDefineDirection"
                },
                "m_pmpParams": {
                    "m_safetyDistances": {
                        "m_front": 0.20000000298023224,
                        "m_left": 0.20000000298023224,
                        "m_rear": 0.20000000298023224,
                        "m_right": 0.20000000298023224
                    },
                    "m_vehicleContour": {
                        "m_numberContourPntsFront": 1,
                        "m_numberContourPntsRear": 3,
                        "m_numberContourPntsSide": 2,
                        "m_vehContourFrontX": [
                            3.759999990463257,
                            0.0,
                            0.0,
                            0.0,
                            0.0,
                            0.0
                        ],
                        "m_vehContourFrontY": [
                            0.6499999761581421,
                            0.0,
                            0.0,
                            0.0,
                            0.0,
                            0.0
                        ],
                        "m_vehContourRearX": [
                            -1.1799999475479126,
                            -1.1799999475479126,
                            -1.3700000047683716,
                            0.0,
                            0.0,
                            0.0
                        ],
                        "m_vehContourRearY": [
                            0.5899999737739563,
                            0.4300000071525574,
                            0.4000000059604645,
                            0.0,
                            0.0,
                            0.0
                        ],
                        "m_vehContourSideX": [
                            3.3299999237060547,
                            -0.7300000190734863,
                            0.0,
                            0.0,
                            0.0,
                            0.0
                        ],
                        "m_vehContourSideY": [
                            1.0299999713897705,
                            1.0299999713897705,
                            0.0,
                            0.0,
                            0.0,
                            0.0
                        ],
                        "m_vehicleType": 2
                    }
                },
                "m_awpPlaningRequest": false,
                "m_realTimeReplaningRequest": false,
                "m_parkingSpaceCoorSys": {
                    "m_position": [
                        -0.3400909900665283,
                        -3.3939898014068604,
                        4.392715930938721
                    ],
                    "m_needMirror": true
                },
                "m_localPathData": {
                    "m_pathPoints": [],
                    "m_sPositions": [],
                    "m_velocities": [],
                    "m_stopSPos": 0.0,
                    "m_direction": 0,
                    "m_pathOrigin": [
                        0.0,
                        0.0
                    ],
                    "m_moveType": 0
                },
                "m_vehicleData": {
                    "m_currentVehicleSPos": 323.1960144042969,
                    "m_vehiclePositionX": 1.7559999227523804,
                    "m_vehiclePositionY": -24.828001022338867,
                    "m_vehicleOrientation": -1.8811827898025513,
                    "m_steeringAngleFront": 0.002004635985940695,
                    "m_vehicleCurvature": 0.0007033820147626102,
                    "m_vehicleVelocity": 0.0,
                    "m_vehicleAcceleration": -2.802596928649634e-44,
                    "m_vehMoveDir": 0,
                    "m_vehDriveDir": 0
                }
            },
            "m_parkingScenario": "EParkingScenario::PARKING_CPSC_BI",
            "m_slotInfo": {
                "correctedPs": {},
                "PSPose32": {}
            },
            "m_nfmOrigin": [
                1.8000000268220901,
                -24.600000366568565
            ],
            "NfmAggregatedPolygonObjects": [
                {
                    "nfmPolygonObjectNodes": [
                        {
                            "m_x": -6.236011981964111,
                            "m_y": -3.844496488571167,
                            "m_obstacleType": 8,
                            "m_height": "nfm::fs::interface::EFusionHeightClass::HIGH"
                        },
                        {
                            "m_x": -6.040915012359619,
                            "m_y": -3.8946502208709717,
                            "m_obstacleType": 8,
                            "m_height": "nfm::fs::interface::EFusionHeightClass::HIGH"
                        }
                    ]
                },
                {
                    "nfmPolygonObjectNodes": [
                        {
                            "m_x": -1.9373445510864258,
                            "m_y": -6.142439365386963,
                            "m_obstacleType": 8,
                            "m_height": "nfm::fs::interface::EFusionHeightClass::HIGH"
                        },
                        {
                            "m_x": -1.6539000272750854,
                            "m_y": -6.237626552581787,
                            "m_obstacleType": 8,
                            "m_height": "nfm::fs::interface::EFusionHeightClass::HIGH"
                        },
                        {
                            "m_x": -1.5580825805664062,
                            "m_y": -6.265895366668701,
                            "m_obstacleType": 8,
                            "m_height": "nfm::fs::interface::EFusionHeightClass::HIGH"
                        },
                        {
                            "m_x": -1.4612772464752197,
                            "m_y": -6.292267799377441,
                            "m_obstacleType": 8,
                            "m_height": "nfm::fs::interface::EFusionHeightClass::HIGH"
                        }
                    ]
                },
                {
                    "nfmPolygonObjectNodes": [
                        {
                            "m_x": -15.817667961120605,
                            "m_y": 13.889270782470703,
                            "m_obstacleType": 7,
                            "m_height": "nfm::fs::interface::EFusionHeightClass::HIGH"
                        },
                        {
                            "m_x": -16.110755920410156,
                            "m_y": 13.127289772033691,
                            "m_obstacleType": 7,
                            "m_height": "nfm::fs::interface::EFusionHeightClass::HIGH"
                        }
                    ]
                },
                {
                    "nfmPolygonObjectNodes": [
                        {
                            "m_x": -1.054214358329773,
                            "m_y": 2.0085556507110596,
                            "m_obstacleType": 0,
                            "m_height": "nfm::fs::interface::EFusionHeightClass::LOW"
                        },
                        {
                            "m_x": -0.9502671957015991,
                            "m_y": 1.8476133346557617,
                            "m_obstacleType": 0,
                            "m_height": "nfm::fs::interface::EFusionHeightClass::LOW"
                        }
                    ]
                },
                {
                    "nfmPolygonObjectNodes": [
                        {
                            "m_x": -9.422276496887207,
                            "m_y": -3.5039806365966797,
                            "m_obstacleType": 8,
                            "m_height": "nfm::fs::interface::EFusionHeightClass::HIGH"
                        },
                        {
                            "m_x": -9.255393028259277,
                            "m_y": -3.536022186279297,
                            "m_obstacleType": 8,
                            "m_height": "nfm::fs::interface::EFusionHeightClass::HIGH"
                        }
                    ]
                },
                {
                    "nfmPolygonObjectNodes": [
                        {
                            "m_x": -1.8938100337982178,
                            "m_y": 11.68459415435791,
                            "m_obstacleType": 1,
                            "m_height": "nfm::fs::interface::EFusionHeightClass::HIGH"
                        },
                        {
                            "m_x": -1.7800610065460205,
                            "m_y": 11.642369270324707,
                            "m_obstacleType": 1,
                            "m_height": "nfm::fs::interface::EFusionHeightClass::HIGH"
                        }
                    ]
                },
                {
                    "nfmPolygonObjectNodes": [
                        {
                            "m_x": 4.568342685699463,
                            "m_y": -6.750302314758301,
                            "m_obstacleType": 2,
                            "m_height": "nfm::fs::interface::EFusionHeightClass::HIGH"
                        },
                        {
                            "m_x": 4.886569499969482,
                            "m_y": -5.490777015686035,
                            "m_obstacleType": 2,
                            "m_height": "nfm::fs::interface::EFusionHeightClass::HIGH"
                        },
                        {
                            "m_x": 5.316169261932373,
                            "m_y": -4.055841445922852,
                            "m_obstacleType": 2,
                            "m_height": "nfm::fs::interface::EFusionHeightClass::HIGH"
                        },
                        {
                            "m_x": 5.511172294616699,
                            "m_y": -3.458462715148926,
                            "m_obstacleType": 2,
                            "m_height": "nfm::fs::interface::EFusionHeightClass::HIGH"
                        }
                    ]
                },
                {
                    "nfmPolygonObjectNodes": [
                        {
                            "m_x": -2.7789852619171143,
                            "m_y": -5.82303524017334,
                            "m_obstacleType": 8,
                            "m_height": "nfm::fs::interface::EFusionHeightClass::HIGH"
                        },
                        {
                            "m_x": -2.5151870250701904,
                            "m_y": -5.924740314483643,
                            "m_obstacleType": 8,
                            "m_height": "nfm::fs::interface::EFusionHeightClass::HIGH"
                        },
                        {
                            "m_x": -2.4049041271209717,
                            "m_y": -5.964878082275391,
                            "m_obstacleType": 8,
                            "m_height": "nfm::fs::interface::EFusionHeightClass::HIGH"
                        }
                    ]
                },
                {
                    "nfmPolygonObjectNodes": [
                        {
                            "m_x": -5.3306169509887695,
                            "m_y": -0.8405736088752747,
                            "m_obstacleType": 8,
                            "m_height": "nfm::fs::interface::EFusionHeightClass::HIGH"
                        },
                        {
                            "m_x": -5.380808353424072,
                            "m_y": -1.0277023315429688,
                            "m_obstacleType": 8,
                            "m_height": "nfm::fs::interface::EFusionHeightClass::HIGH"
                        }
                    ]
                },
                {
                    "nfmPolygonObjectNodes": [
                        {
                            "m_x": -4.3645195960998535,
                            "m_y": 3.5226008892059326,
                            "m_obstacleType": 1,
                            "m_height": "nfm::fs::interface::EFusionHeightClass::HIGH"
                        },
                        {
                            "m_x": -4.773626804351807,
                            "m_y": 3.096554756164551,
                            "m_obstacleType": 1,
                            "m_height": "nfm::fs::interface::EFusionHeightClass::HIGH"
                        },
                        {
                            "m_x": -5.201129913330078,
                            "m_y": 3.2008442878723145,
                            "m_obstacleType": 1,
                            "m_height": "nfm::fs::interface::EFusionHeightClass::HIGH"
                        }
                    ]
                },
                {
                    "nfmPolygonObjectNodes": [
                        {
                            "m_x": -5.580872535705566,
                            "m_y": -1.495733618736267,
                            "m_obstacleType": 8,
                            "m_height": "nfm::fs::interface::EFusionHeightClass::HIGH"
                        },
                        {
                            "m_x": -5.603054046630859,
                            "m_y": -1.6460236310958862,
                            "m_obstacleType": 8,
                            "m_height": "nfm::fs::interface::EFusionHeightClass::HIGH"
                        }
                    ]
                },
                {
                    "nfmPolygonObjectNodes": [
                        {
                            "m_x": 8.597249984741211,
                            "m_y": -1.402427077293396,
                            "m_obstacleType": 2,
                            "m_height": "nfm::fs::interface::EFusionHeightClass::HIGH"
                        },
                        {
                            "m_x": 8.633428573608398,
                            "m_y": -1.3875799179077148,
                            "m_obstacleType": 2,
                            "m_height": "nfm::fs::interface::EFusionHeightClass::HIGH"
                        }
                    ]
                },
                {
                    "nfmPolygonObjectNodes": [
                        {
                            "m_x": 5.684347629547119,
                            "m_y": -0.5702375769615173,
                            "m_obstacleType": 11,
                            "m_height": "nfm::fs::interface::EFusionHeightClass::LOW"
                        },
                        {
                            "m_x": 5.060882568359375,
                            "m_y": -2.469914674758911,
                            "m_obstacleType": 11,
                            "m_height": "nfm::fs::interface::EFusionHeightClass::LOW"
                        }
                    ]
                },
                {
                    "nfmPolygonObjectNodes": [
                        {
                            "m_x": -4.564789295196533,
                            "m_y": 0.6565409302711487,
                            "m_obstacleType": 8,
                            "m_height": "nfm::fs::interface::EFusionHeightClass::HIGH"
                        },
                        {
                            "m_x": -4.61914587020874,
                            "m_y": 0.5269371867179871,
                            "m_obstacleType": 8,
                            "m_height": "nfm::fs::interface::EFusionHeightClass::HIGH"
                        }
                    ]
                },
                {
                    "nfmPolygonObjectNodes": [
                        {
                            "m_x": 5.050281047821045,
                            "m_y": 7.267373561859131,
                            "m_obstacleType": 2,
                            "m_height": "nfm::fs::interface::EFusionHeightClass::HIGH"
                        },
                        {
                            "m_x": 5.186856269836426,
                            "m_y": 8.576837539672852,
                            "m_obstacleType": 2,
                            "m_height": "nfm::fs::interface::EFusionHeightClass::HIGH"
                        }
                    ]
                },
                {
                    "nfmPolygonObjectNodes": [
                        {
                            "m_x": -0.7838279604911804,
                            "m_y": -6.469780445098877,
                            "m_obstacleType": 8,
                            "m_height": "nfm::fs::interface::EFusionHeightClass::HIGH"
                        },
                        {
                            "m_x": -0.7331340312957764,
                            "m_y": -6.488147258758545,
                            "m_obstacleType": 8,
                            "m_height": "nfm::fs::interface::EFusionHeightClass::HIGH"
                        }
                    ]
                },
                {
                    "nfmPolygonObjectNodes": [
                        {
                            "m_x": 1.764235258102417,
                            "m_y": -7.28237247467041,
                            "m_obstacleType": 2,
                            "m_height": "nfm::fs::interface::EFusionHeightClass::HIGH"
                        },
                        {
                            "m_x": 1.8789293766021729,
                            "m_y": -7.325597286224365,
                            "m_obstacleType": 2,
                            "m_height": "nfm::fs::interface::EFusionHeightClass::HIGH"
                        },
                        {
                            "m_x": 2.0711772441864014,
                            "m_y": -7.383244037628174,
                            "m_obstacleType": 2,
                            "m_height": "nfm::fs::interface::EFusionHeightClass::HIGH"
                        },
                        {
                            "m_x": 2.165637731552124,
                            "m_y": -7.4151082038879395,
                            "m_obstacleType": 2,
                            "m_height": "nfm::fs::interface::EFusionHeightClass::HIGH"
                        }
                    ]
                },
                {
                    "nfmPolygonObjectNodes": [
                        {
                            "m_x": -0.4055260121822357,
                            "m_y": -6.587885856628418,
                            "m_obstacleType": 8,
                            "m_height": "nfm::fs::interface::EFusionHeightClass::HIGH"
                        },
                        {
                            "m_x": -0.14290069043636322,
                            "m_y": -6.6694746017456055,
                            "m_obstacleType": 8,
                            "m_height": "nfm::fs::interface::EFusionHeightClass::HIGH"
                        },
                        {
                            "m_x": -0.1310826987028122,
                            "m_y": -6.68166971206665,
                            "m_obstacleType": 8,
                            "m_height": "nfm::fs::interface::EFusionHeightClass::HIGH"
                        }
                    ]
                },
                {
                    "nfmPolygonObjectNodes": [
                        {
                            "m_x": 2.8426380157470703,
                            "m_y": -7.610599517822266,
                            "m_obstacleType": 2,
                            "m_height": "nfm::fs::interface::EFusionHeightClass::HIGH"
                        },
                        {
                            "m_x": 3.025465726852417,
                            "m_y": -7.666505336761475,
                            "m_obstacleType": 2,
                            "m_height": "nfm::fs::interface::EFusionHeightClass::HIGH"
                        },
                        {
                            "m_x": 3.128160238265991,
                            "m_y": -7.691921710968018,
                            "m_obstacleType": 2,
                            "m_height": "nfm::fs::interface::EFusionHeightClass::HIGH"
                        },
                        {
                            "m_x": 3.411985158920288,
                            "m_y": -7.77842903137207,
                            "m_obstacleType": 2,
                            "m_height": "nfm::fs::interface::EFusionHeightClass::HIGH"
                        }
                    ]
                },
                {
                    "nfmPolygonObjectNodes": [
                        {
                            "m_x": 3.411985158920288,
                            "m_y": -7.77842903137207,
                            "m_obstacleType": 2,
                            "m_height": "nfm::fs::interface::EFusionHeightClass::HIGH"
                        },
                        {
                            "m_x": 3.4467031955718994,
                            "m_y": -7.797118186950684,
                            "m_obstacleType": 2,
                            "m_height": "nfm::fs::interface::EFusionHeightClass::HIGH"
                        },
                        {
                            "m_x": 3.5089993476867676,
                            "m_y": -7.8109130859375,
                            "m_obstacleType": 2,
                            "m_height": "nfm::fs::interface::EFusionHeightClass::HIGH"
                        },
                        {
                            "m_x": 3.69528865814209,
                            "m_y": -7.87448263168335,
                            "m_obstacleType": 2,
                            "m_height": "nfm::fs::interface::EFusionHeightClass::HIGH"
                        }
                    ]
                },
                {
                    "nfmPolygonObjectNodes": [
                        {
                            "m_x": -3.6345508098602295,
                            "m_y": -5.504234313964844,
                            "m_obstacleType": 8,
                            "m_height": "nfm::fs::interface::EFusionHeightClass::HIGH"
                        },
                        {
                            "m_x": -3.54675555229187,
                            "m_y": -5.542229652404785,
                            "m_obstacleType": 8,
                            "m_height": "nfm::fs::interface::EFusionHeightClass::HIGH"
                        },
                        {
                            "m_x": -3.346766710281372,
                            "m_y": -5.610710620880127,
                            "m_obstacleType": 8,
                            "m_height": "nfm::fs::interface::EFusionHeightClass::HIGH"
                        },
                        {
                            "m_x": -3.251565456390381,
                            "m_y": -5.649203300476074,
                            "m_obstacleType": 8,
                            "m_height": "nfm::fs::interface::EFusionHeightClass::HIGH"
                        }
                    ]
                },
                {
                    "nfmPolygonObjectNodes": [
                        {
                            "m_x": -4.933355331420898,
                            "m_y": 0.04047420993447304,
                            "m_obstacleType": 8,
                            "m_height": "nfm::fs::interface::EFusionHeightClass::HIGH"
                        },
                        {
                            "m_x": -5.057737827301025,
                            "m_y": -0.1367516964673996,
                            "m_obstacleType": 8,
                            "m_height": "nfm::fs::interface::EFusionHeightClass::HIGH"
                        },
                        {
                            "m_x": -5.1114935874938965,
                            "m_y": -0.24064303934574127,
                            "m_obstacleType": 8,
                            "m_height": "nfm::fs::interface::EFusionHeightClass::HIGH"
                        },
                        {
                            "m_x": -5.179055690765381,
                            "m_y": -0.38997116684913635,
                            "m_obstacleType": 8,
                            "m_height": "nfm::fs::interface::EFusionHeightClass::HIGH"
                        }
                    ]
                },
                {
                    "nfmPolygonObjectNodes": [
                        {
                            "m_x": -16.187788009643555,
                            "m_y": 12.8347806930542,
                            "m_obstacleType": 7,
                            "m_height": "nfm::fs::interface::EFusionHeightClass::HIGH"
                        },
                        {
                            "m_x": -16.262256622314453,
                            "m_y": 12.572137832641602,
                            "m_obstacleType": 7,
                            "m_height": "nfm::fs::interface::EFusionHeightClass::HIGH"
                        }
                    ]
                },
                {
                    "nfmPolygonObjectNodes": [
                        {
                            "m_x": -9.12767219543457,
                            "m_y": -3.499298334121704,
                            "m_obstacleType": 2,
                            "m_height": "nfm::fs::interface::EFusionHeightClass::HIGH"
                        },
                        {
                            "m_x": -8.52531623840332,
                            "m_y": -3.696810245513916,
                            "m_obstacleType": 2,
                            "m_height": "nfm::fs::interface::EFusionHeightClass::HIGH"
                        }
                    ]
                },
                {
                    "nfmPolygonObjectNodes": [
                        {
                            "m_x": -9.108333587646484,
                            "m_y": -3.040239095687866,
                            "m_obstacleType": 8,
                            "m_height": "nfm::fs::interface::EFusionHeightClass::HIGH"
                        },
                        {
                            "m_x": -8.985416412353516,
                            "m_y": -3.063789129257202,
                            "m_obstacleType": 8,
                            "m_height": "nfm::fs::interface::EFusionHeightClass::HIGH"
                        }
                    ]
                },
                {
                    "nfmPolygonObjectNodes": [
                        {
                            "m_x": 8.696223258972168,
                            "m_y": -1.3760755062103271,
                            "m_obstacleType": 2,
                            "m_height": "nfm::fs::interface::EFusionHeightClass::HIGH"
                        },
                        {
                            "m_x": 8.890355110168457,
                            "m_y": -1.1026737689971924,
                            "m_obstacleType": 2,
                            "m_height": "nfm::fs::interface::EFusionHeightClass::HIGH"
                        },
                        {
                            "m_x": 9.068592071533203,
                            "m_y": 0.00477485591545701,
                            "m_obstacleType": 2,
                            "m_height": "nfm::fs::interface::EFusionHeightClass::HIGH"
                        },
                        {
                            "m_x": 9.275629997253418,
                            "m_y": 0.66384357213974,
                            "m_obstacleType": 2,
                            "m_height": "nfm::fs::interface::EFusionHeightClass::HIGH"
                        }
                    ]
                },
                {
                    "nfmPolygonObjectNodes": [
                        {
                            "m_x": 7.556443691253662,
                            "m_y": 12.831146240234375,
                            "m_obstacleType": 7,
                            "m_height": "nfm::fs::interface::EFusionHeightClass::HIGH"
                        },
                        {
                            "m_x": 7.929653644561768,
                            "m_y": 13.478805541992188,
                            "m_obstacleType": 7,
                            "m_height": "nfm::fs::interface::EFusionHeightClass::HIGH"
                        }
                    ]
                },
                {
                    "nfmPolygonObjectNodes": [
                        {
                            "m_x": -6.040915012359619,
                            "m_y": -3.8946502208709717,
                            "m_obstacleType": 8,
                            "m_height": "nfm::fs::interface::EFusionHeightClass::HIGH"
                        },
                        {
                            "m_x": -5.770975112915039,
                            "m_y": -3.9883904457092285,
                            "m_obstacleType": 8,
                            "m_height": "nfm::fs::interface::EFusionHeightClass::HIGH"
                        },
                        {
                            "m_x": -5.575880527496338,
                            "m_y": -4.063995361328125,
                            "m_obstacleType": 8,
                            "m_height": "nfm::fs::interface::EFusionHeightClass::HIGH"
                        },
                        {
                            "m_x": -5.488150596618652,
                            "m_y": -4.1040120124816895,
                            "m_obstacleType": 8,
                            "m_height": "nfm::fs::interface::EFusionHeightClass::HIGH"
                        }
                    ]
                },
                {
                    "nfmPolygonObjectNodes": [
                        {
                            "m_x": -16.55128288269043,
                            "m_y": 16.417665481567383,
                            "m_obstacleType": 7,
                            "m_height": "nfm::fs::interface::EFusionHeightClass::HIGH"
                        },
                        {
                            "m_x": -16.369112014770508,
                            "m_y": 16.426189422607422,
                            "m_obstacleType": 7,
                            "m_height": "nfm::fs::interface::EFusionHeightClass::HIGH"
                        },
                        {
                            "m_x": -16.163312911987305,
                            "m_y": 16.407981872558594,
                            "m_obstacleType": 7,
                            "m_height": "nfm::fs::interface::EFusionHeightClass::HIGH"
                        },
                        {
                            "m_x": -16.055055618286133,
                            "m_y": 16.393600463867188,
                            "m_obstacleType": 7,
                            "m_height": "nfm::fs::interface::EFusionHeightClass::HIGH"
                        }
                    ]
                },
                {
                    "nfmPolygonObjectNodes": [
                        {
                            "m_x": 3.69528865814209,
                            "m_y": -7.87448263168335,
                            "m_obstacleType": 2,
                            "m_height": "nfm::fs::interface::EFusionHeightClass::HIGH"
                        },
                        {
                            "m_x": 3.892892599105835,
                            "m_y": -7.931909084320068,
                            "m_obstacleType": 2,
                            "m_height": "nfm::fs::interface::EFusionHeightClass::HIGH"
                        },
                        {
                            "m_x": 4.109686851501465,
                            "m_y": -7.924525260925293,
                            "m_obstacleType": 2,
                            "m_height": "nfm::fs::interface::EFusionHeightClass::HIGH"
                        },
                        {
                            "m_x": 4.272006511688232,
                            "m_y": -7.792847633361816,
                            "m_obstacleType": 2,
                            "m_height": "nfm::fs::interface::EFusionHeightClass::HIGH"
                        }
                    ]
                },
                {
                    "nfmPolygonObjectNodes": [
                        {
                            "m_x": -0.7331340312957764,
                            "m_y": -6.488147258758545,
                            "m_obstacleType": 8,
                            "m_height": "nfm::fs::interface::EFusionHeightClass::HIGH"
                        },
                        {
                            "m_x": -0.6832626461982727,
                            "m_y": -6.496699810028076,
                            "m_obstacleType": 8,
                            "m_height": "nfm::fs::interface::EFusionHeightClass::HIGH"
                        },
                        {
                            "m_x": -0.4055260121822357,
                            "m_y": -6.587885856628418,
                            "m_obstacleType": 8,
                            "m_height": "nfm::fs::interface::EFusionHeightClass::HIGH"
                        }
                    ]
                },
                {
                    "nfmPolygonObjectNodes": [
                        {
                            "m_x": -6.00955057144165,
                            "m_y": -0.8464754819869995,
                            "m_obstacleType": 8,
                            "m_height": "nfm::fs::interface::EFusionHeightClass::HIGH"
                        },
                        {
                            "m_x": -6.105758190155029,
                            "m_y": -0.9616620540618896,
                            "m_obstacleType": 8,
                            "m_height": "nfm::fs::interface::EFusionHeightClass::HIGH"
                        }
                    ]
                },
                {
                    "nfmPolygonObjectNodes": [
                        {
                            "m_x": -4.641516208648682,
                            "m_y": -5.071257591247559,
                            "m_obstacleType": 8,
                            "m_height": "nfm::fs::interface::EFusionHeightClass::HIGH"
                        },
                        {
                            "m_x": -4.4446916580200195,
                            "m_y": -5.166365146636963,
                            "m_obstacleType": 8,
                            "m_height": "nfm::fs::interface::EFusionHeightClass::HIGH"
                        },
                        {
                            "m_x": -4.280035495758057,
                            "m_y": -5.254210472106934,
                            "m_obstacleType": 8,
                            "m_height": "nfm::fs::interface::EFusionHeightClass::HIGH"
                        }
                    ]
                },
                {
                    "nfmPolygonObjectNodes": [
                        {
                            "m_x": -0.7931274771690369,
                            "m_y": -6.472012519836426,
                            "m_obstacleType": 8,
                            "m_height": "nfm::fs::interface::EFusionHeightClass::HIGH"
                        },
                        {
                            "m_x": -0.7838279604911804,
                            "m_y": -6.469780445098877,
                            "m_obstacleType": 8,
                            "m_height": "nfm::fs::interface::EFusionHeightClass::HIGH"
                        }
                    ]
                },
                {
                    "nfmPolygonObjectNodes": [
                        {
                            "m_x": 7.929681301116943,
                            "m_y": 13.478830337524414,
                            "m_obstacleType": 7,
                            "m_height": "nfm::fs::interface::EFusionHeightClass::HIGH"
                        },
                        {
                            "m_x": 8.079950332641602,
                            "m_y": 13.499876976013184,
                            "m_obstacleType": 7,
                            "m_height": "nfm::fs::interface::EFusionHeightClass::HIGH"
                        }
                    ]
                },
                {
                    "nfmPolygonObjectNodes": [
                        {
                            "m_x": -17.978923797607422,
                            "m_y": 16.340103149414062,
                            "m_obstacleType": 1,
                            "m_height": "nfm::fs::interface::EFusionHeightClass::HIGH"
                        },
                        {
                            "m_x": -17.487899780273438,
                            "m_y": 16.054466247558594,
                            "m_obstacleType": 1,
                            "m_height": "nfm::fs::interface::EFusionHeightClass::HIGH"
                        }
                    ]
                },
                {
                    "nfmPolygonObjectNodes": [
                        {
                            "m_x": 7.481220245361328,
                            "m_y": 4.795400142669678,
                            "m_obstacleType": 11,
                            "m_height": "nfm::fs::interface::EFusionHeightClass::LOW"
                        },
                        {
                            "m_x": 6.879452705383301,
                            "m_y": 2.945193290710449,
                            "m_obstacleType": 11,
                            "m_height": "nfm::fs::interface::EFusionHeightClass::LOW"
                        }
                    ]
                },
                {
                    "nfmPolygonObjectNodes": [
                        {
                            "m_x": -8.893943786621094,
                            "m_y": -3.0618977546691895,
                            "m_obstacleType": 8,
                            "m_height": "nfm::fs::interface::EFusionHeightClass::HIGH"
                        },
                        {
                            "m_x": -9.04659366607666,
                            "m_y": -3.1358726024627686,
                            "m_obstacleType": 8,
                            "m_height": "nfm::fs::interface::EFusionHeightClass::HIGH"
                        }
                    ]
                },
                {
                    "nfmPolygonObjectNodes": [
                        {
                            "m_x": -5.488150596618652,
                            "m_y": -4.1040120124816895,
                            "m_obstacleType": 8,
                            "m_height": "nfm::fs::interface::EFusionHeightClass::HIGH"
                        },
                        {
                            "m_x": -5.276477336883545,
                            "m_y": -4.225211143493652,
                            "m_obstacleType": 8,
                            "m_height": "nfm::fs::interface::EFusionHeightClass::HIGH"
                        }
                    ]
                },
                {
                    "nfmPolygonObjectNodes": [
                        {
                            "m_x": 6.943888187408447,
                            "m_y": 5.670469284057617,
                            "m_obstacleType": 2,
                            "m_height": "nfm::fs::interface::EFusionHeightClass::HIGH"
                        },
                        {
                            "m_x": 6.78485107421875,
                            "m_y": 5.621532440185547,
                            "m_obstacleType": 2,
                            "m_height": "nfm::fs::interface::EFusionHeightClass::HIGH"
                        },
                        {
                            "m_x": 5.933393478393555,
                            "m_y": 5.956645965576172,
                            "m_obstacleType": 2,
                            "m_height": "nfm::fs::interface::EFusionHeightClass::HIGH"
                        },
                        {
                            "m_x": 5.0584893226623535,
                            "m_y": 6.1844024658203125,
                            "m_obstacleType": 2,
                            "m_height": "nfm::fs::interface::EFusionHeightClass::HIGH"
                        }
                    ]
                },
                {
                    "nfmPolygonObjectNodes": [
                        {
                            "m_x": 7.163434028625488,
                            "m_y": -1.8049248456954956,
                            "m_obstacleType": 2,
                            "m_height": "nfm::fs::interface::EFusionHeightClass::HIGH"
                        },
                        {
                            "m_x": 6.788874626159668,
                            "m_y": -1.8801674842834473,
                            "m_obstacleType": 2,
                            "m_height": "nfm::fs::interface::EFusionHeightClass::HIGH"
                        }
                    ]
                },
                {
                    "nfmPolygonObjectNodes": [
                        {
                            "m_x": 1.5028773546218872,
                            "m_y": -7.204070091247559,
                            "m_obstacleType": 2,
                            "m_height": "nfm::fs::interface::EFusionHeightClass::HIGH"
                        },
                        {
                            "m_x": 1.764235258102417,
                            "m_y": -7.28237247467041,
                            "m_obstacleType": 2,
                            "m_height": "nfm::fs::interface::EFusionHeightClass::HIGH"
                        }
                    ]
                },
                {
                    "nfmPolygonObjectNodes": [
                        {
                            "m_x": 4.459953308105469,
                            "m_y": -7.242305278778076,
                            "m_obstacleType": 2,
                            "m_height": "nfm::fs::interface::EFusionHeightClass::HIGH"
                        },
                        {
                            "m_x": 4.474337577819824,
                            "m_y": -7.145354270935059,
                            "m_obstacleType": 2,
                            "m_height": "nfm::fs::interface::EFusionHeightClass::HIGH"
                        }
                    ]
                },
                {
                    "nfmPolygonObjectNodes": [
                        {
                            "m_x": 0.25595277547836304,
                            "m_y": -6.713201999664307,
                            "m_obstacleType": 1,
                            "m_height": "nfm::fs::interface::EFusionHeightClass::HIGH"
                        },
                        {
                            "m_x": 0.4062093198299408,
                            "m_y": -6.703799247741699,
                            "m_obstacleType": 1,
                            "m_height": "nfm::fs::interface::EFusionHeightClass::HIGH"
                        }
                    ]
                },
                {
                    "nfmPolygonObjectNodes": [
                        {
                            "m_x": 1.0299345254898071,
                            "m_y": -7.0368499755859375,
                            "m_obstacleType": 2,
                            "m_height": "nfm::fs::interface::EFusionHeightClass::HIGH"
                        },
                        {
                            "m_x": 1.1194828748703003,
                            "m_y": -7.072057723999023,
                            "m_obstacleType": 2,
                            "m_height": "nfm::fs::interface::EFusionHeightClass::HIGH"
                        }
                    ]
                },
                {
                    "nfmPolygonObjectNodes": [
                        {
                            "m_x": 0.4062093198299408,
                            "m_y": -6.703799247741699,
                            "m_obstacleType": 1,
                            "m_height": "nfm::fs::interface::EFusionHeightClass::HIGH"
                        },
                        {
                            "m_x": 0.6675648093223572,
                            "m_y": -6.8114423751831055,
                            "m_obstacleType": 1,
                            "m_height": "nfm::fs::interface::EFusionHeightClass::HIGH"
                        },
                        {
                            "m_x": 0.8546757102012634,
                            "m_y": -6.921855449676514,
                            "m_obstacleType": 1,
                            "m_height": "nfm::fs::interface::EFusionHeightClass::HIGH"
                        },
                        {
                            "m_x": 1.0299345254898071,
                            "m_y": -7.0368499755859375,
                            "m_obstacleType": 1,
                            "m_height": "nfm::fs::interface::EFusionHeightClass::HIGH"
                        }
                    ]
                },
                {
                    "nfmPolygonObjectNodes": [
                        {
                            "m_x": 1.0299345254898071,
                            "m_y": -7.0368499755859375,
                            "m_obstacleType": 2,
                            "m_height": "nfm::fs::interface::EFusionHeightClass::HIGH"
                        },
                        {
                            "m_x": 1.1511684656143188,
                            "m_y": -7.093192100524902,
                            "m_obstacleType": 2,
                            "m_height": "nfm::fs::interface::EFusionHeightClass::HIGH"
                        },
                        {
                            "m_x": 1.3092126846313477,
                            "m_y": -7.149295330047607,
                            "m_obstacleType": 2,
                            "m_height": "nfm::fs::interface::EFusionHeightClass::HIGH"
                        },
                        {
                            "m_x": 1.5028773546218872,
                            "m_y": -7.204070091247559,
                            "m_obstacleType": 2,
                            "m_height": "nfm::fs::interface::EFusionHeightClass::HIGH"
                        }
                    ]
                },
                {
                    "nfmPolygonObjectNodes": [
                        {
                            "m_x": 8.024450302124023,
                            "m_y": -1.6144397258758545,
                            "m_obstacleType": 2,
                            "m_height": "nfm::fs::interface::EFusionHeightClass::HIGH"
                        },
                        {
                            "m_x": 8.111288070678711,
                            "m_y": -1.8739311695098877,
                            "m_obstacleType": 2,
                            "m_height": "nfm::fs::interface::EFusionHeightClass::HIGH"
                        },
                        {
                            "m_x": 7.927452087402344,
                            "m_y": -2.039494037628174,
                            "m_obstacleType": 2,
                            "m_height": "nfm::fs::interface::EFusionHeightClass::HIGH"
                        },
                        {
                            "m_x": 7.163434028625488,
                            "m_y": -1.8049248456954956,
                            "m_obstacleType": 2,
                            "m_height": "nfm::fs::interface::EFusionHeightClass::HIGH"
                        }
                    ]
                },
                {
                    "nfmPolygonObjectNodes": [
                        {
                            "m_x": 4.062469959259033,
                            "m_y": -5.453572750091553,
                            "m_obstacleType": 11,
                            "m_height": "nfm::fs::interface::EFusionHeightClass::LOW"
                        },
                        {
                            "m_x": 3.4667770862579346,
                            "m_y": -7.275826930999756,
                            "m_obstacleType": 11,
                            "m_height": "nfm::fs::interface::EFusionHeightClass::LOW"
                        }
                    ]
                },
                {
                    "nfmPolygonObjectNodes": [
                        {
                            "m_x": -4.732307434082031,
                            "m_y": -5.036334991455078,
                            "m_obstacleType": 8,
                            "m_height": "nfm::fs::interface::EFusionHeightClass::HIGH"
                        },
                        {
                            "m_x": -4.641516208648682,
                            "m_y": -5.071257591247559,
                            "m_obstacleType": 8,
                            "m_height": "nfm::fs::interface::EFusionHeightClass::HIGH"
                        }
                    ]
                },
                {
                    "nfmPolygonObjectNodes": [
                        {
                            "m_x": 6.716455936431885,
                            "m_y": -1.9251619577407837,
                            "m_obstacleType": 2,
                            "m_height": "nfm::fs::interface::EFusionHeightClass::HIGH"
                        },
                        {
                            "m_x": 6.546517372131348,
                            "m_y": -1.9032313823699951,
                            "m_obstacleType": 2,
                            "m_height": "nfm::fs::interface::EFusionHeightClass::HIGH"
                        }
                    ]
                },
                {
                    "nfmPolygonObjectNodes": [
                        {
                            "m_x": -3.2483060359954834,
                            "m_y": -5.647563934326172,
                            "m_obstacleType": 8,
                            "m_height": "nfm::fs::interface::EFusionHeightClass::HIGH"
                        },
                        {
                            "m_x": -3.0648691654205322,
                            "m_y": -5.71282958984375,
                            "m_obstacleType": 8,
                            "m_height": "nfm::fs::interface::EFusionHeightClass::HIGH"
                        },
                        {
                            "m_x": -2.8749282360076904,
                            "m_y": -5.78391170501709,
                            "m_obstacleType": 8,
                            "m_height": "nfm::fs::interface::EFusionHeightClass::HIGH"
                        },
                        {
                            "m_x": -2.7789852619171143,
                            "m_y": -5.82303524017334,
                            "m_obstacleType": 8,
                            "m_height": "nfm::fs::interface::EFusionHeightClass::HIGH"
                        }
                    ]
                },
                {
                    "nfmPolygonObjectNodes": [
                        {
                            "m_x": 3.8014109134674072,
                            "m_y": -7.8903889656066895,
                            "m_obstacleType": 2,
                            "m_height": "nfm::fs::interface::EFusionHeightClass::HIGH"
                        },
                        {
                            "m_x": 3.8955399990081787,
                            "m_y": -7.921993732452393,
                            "m_obstacleType": 2,
                            "m_height": "nfm::fs::interface::EFusionHeightClass::HIGH"
                        }
                    ]
                },
                {
                    "nfmPolygonObjectNodes": [
                        {
                            "m_x": 4.474337577819824,
                            "m_y": -7.145354270935059,
                            "m_obstacleType": 2,
                            "m_height": "nfm::fs::interface::EFusionHeightClass::HIGH"
                        },
                        {
                            "m_x": 4.5289692878723145,
                            "m_y": -6.9456467628479,
                            "m_obstacleType": 2,
                            "m_height": "nfm::fs::interface::EFusionHeightClass::HIGH"
                        },
                        {
                            "m_x": 4.553398132324219,
                            "m_y": -6.845440864562988,
                            "m_obstacleType": 2,
                            "m_height": "nfm::fs::interface::EFusionHeightClass::HIGH"
                        },
                        {
                            "m_x": 4.568342685699463,
                            "m_y": -6.750302314758301,
                            "m_obstacleType": 2,
                            "m_height": "nfm::fs::interface::EFusionHeightClass::HIGH"
                        }
                    ]
                },
                {
                    "nfmPolygonObjectNodes": [
                        {
                            "m_x": -3.251565456390381,
                            "m_y": -5.649203300476074,
                            "m_obstacleType": 8,
                            "m_height": "nfm::fs::interface::EFusionHeightClass::HIGH"
                        },
                        {
                            "m_x": -3.2483060359954834,
                            "m_y": -5.647563934326172,
                            "m_obstacleType": 8,
                            "m_height": "nfm::fs::interface::EFusionHeightClass::HIGH"
                        }
                    ]
                },
                {
                    "nfmPolygonObjectNodes": [
                        {
                            "m_x": 3.1036489009857178,
                            "m_y": 0.45133915543556213,
                            "m_obstacleType": 1,
                            "m_height": "nfm::fs::interface::EFusionHeightClass::HIGH"
                        },
                        {
                            "m_x": 2.933015823364258,
                            "m_y": 0.5463051795959473,
                            "m_obstacleType": 1,
                            "m_height": "nfm::fs::interface::EFusionHeightClass::HIGH"
                        },
                        {
                            "m_x": 2.7702927589416504,
                            "m_y": 0.6910324096679688,
                            "m_obstacleType": 1,
                            "m_height": "nfm::fs::interface::EFusionHeightClass::HIGH"
                        },
                        {
                            "m_x": 2.7783355712890625,
                            "m_y": 0.8387346267700195,
                            "m_obstacleType": 1,
                            "m_height": "nfm::fs::interface::EFusionHeightClass::HIGH"
                        }
                    ]
                },
                {
                    "nfmPolygonObjectNodes": [
                        {
                            "m_x": -5.276477336883545,
                            "m_y": -4.225211143493652,
                            "m_obstacleType": 8,
                            "m_height": "nfm::fs::interface::EFusionHeightClass::HIGH"
                        },
                        {
                            "m_x": -5.234261512756348,
                            "m_y": -4.292171001434326,
                            "m_obstacleType": 8,
                            "m_height": "nfm::fs::interface::EFusionHeightClass::HIGH"
                        },
                        {
                            "m_x": -5.27299165725708,
                            "m_y": -4.40656042098999,
                            "m_obstacleType": 8,
                            "m_height": "nfm::fs::interface::EFusionHeightClass::HIGH"
                        },
                        {
                            "m_x": -5.3051252365112305,
                            "m_y": -4.680349826812744,
                            "m_obstacleType": 8,
                            "m_height": "nfm::fs::interface::EFusionHeightClass::HIGH"
                        }
                    ]
                },
                {
                    "nfmPolygonObjectNodes": [
                        {
                            "m_x": 4.272006511688232,
                            "m_y": -7.792847633361816,
                            "m_obstacleType": 2,
                            "m_height": "nfm::fs::interface::EFusionHeightClass::HIGH"
                        },
                        {
                            "m_x": 4.359830379486084,
                            "m_y": -7.6272196769714355,
                            "m_obstacleType": 2,
                            "m_height": "nfm::fs::interface::EFusionHeightClass::HIGH"
                        },
                        {
                            "m_x": 4.413932800292969,
                            "m_y": -7.428219318389893,
                            "m_obstacleType": 2,
                            "m_height": "nfm::fs::interface::EFusionHeightClass::HIGH"
                        },
                        {
                            "m_x": 4.459953308105469,
                            "m_y": -7.242305278778076,
                            "m_obstacleType": 2,
                            "m_height": "nfm::fs::interface::EFusionHeightClass::HIGH"
                        }
                    ]
                },
                {
                    "nfmPolygonObjectNodes": [
                        {
                            "m_x": 6.712620258331299,
                            "m_y": 2.1317062377929688,
                            "m_obstacleType": 11,
                            "m_height": "nfm::fs::interface::EFusionHeightClass::LOW"
                        },
                        {
                            "m_x": 6.043139934539795,
                            "m_y": 0.31731748580932617,
                            "m_obstacleType": 11,
                            "m_height": "nfm::fs::interface::EFusionHeightClass::LOW"
                        }
                    ]
                },
                {
                    "nfmPolygonObjectNodes": [
                        {
                            "m_x": -10.431249618530273,
                            "m_y": 13.601137161254883,
                            "m_obstacleType": 1,
                            "m_height": "nfm::fs::interface::EFusionHeightClass::HIGH"
                        },
                        {
                            "m_x": -10.064718246459961,
                            "m_y": 14.075050354003906,
                            "m_obstacleType": 1,
                            "m_height": "nfm::fs::interface::EFusionHeightClass::HIGH"
                        },
                        {
                            "m_x": -9.750350952148438,
                            "m_y": 13.951252937316895,
                            "m_obstacleType": 1,
                            "m_height": "nfm::fs::interface::EFusionHeightClass::HIGH"
                        },
                        {
                            "m_x": -9.830455780029297,
                            "m_y": 13.494759559631348,
                            "m_obstacleType": 1,
                            "m_height": "nfm::fs::interface::EFusionHeightClass::HIGH"
                        }
                    ]
                },
                {
                    "nfmPolygonObjectNodes": [
                        {
                            "m_x": 2.7783355712890625,
                            "m_y": 0.8387346267700195,
                            "m_obstacleType": 1,
                            "m_height": "nfm::fs::interface::EFusionHeightClass::HIGH"
                        },
                        {
                            "m_x": 2.8367340564727783,
                            "m_y": 1.0893006324768066,
                            "m_obstacleType": 1,
                            "m_height": "nfm::fs::interface::EFusionHeightClass::HIGH"
                        },
                        {
                            "m_x": 2.821385622024536,
                            "m_y": 1.10783052444458,
                            "m_obstacleType": 1,
                            "m_height": "nfm::fs::interface::EFusionHeightClass::HIGH"
                        }
                    ]
                },
                {
                    "nfmPolygonObjectNodes": [
                        {
                            "m_x": 8.081987380981445,
                            "m_y": 16.685728073120117,
                            "m_obstacleType": 1,
                            "m_height": "nfm::fs::interface::EFusionHeightClass::HIGH"
                        },
                        {
                            "m_x": 8.136018753051758,
                            "m_y": 17.685359954833984,
                            "m_obstacleType": 1,
                            "m_height": "nfm::fs::interface::EFusionHeightClass::HIGH"
                        }
                    ]
                },
                {
                    "nfmPolygonObjectNodes": [
                        {
                            "m_x": 5.0584893226623535,
                            "m_y": 6.1844024658203125,
                            "m_obstacleType": 2,
                            "m_height": "nfm::fs::interface::EFusionHeightClass::HIGH"
                        },
                        {
                            "m_x": 4.8115644454956055,
                            "m_y": 6.482520580291748,
                            "m_obstacleType": 2,
                            "m_height": "nfm::fs::interface::EFusionHeightClass::HIGH"
                        },
                        {
                            "m_x": 5.061336040496826,
                            "m_y": 7.269472599029541,
                            "m_obstacleType": 2,
                            "m_height": "nfm::fs::interface::EFusionHeightClass::HIGH"
                        }
                    ]
                },
                {
                    "nfmPolygonObjectNodes": [
                        {
                            "m_x": 2.165637731552124,
                            "m_y": -7.4151082038879395,
                            "m_obstacleType": 2,
                            "m_height": "nfm::fs::interface::EFusionHeightClass::HIGH"
                        },
                        {
                            "m_x": 2.359746217727661,
                            "m_y": -7.475059986114502,
                            "m_obstacleType": 2,
                            "m_height": "nfm::fs::interface::EFusionHeightClass::HIGH"
                        },
                        {
                            "m_x": 2.6454200744628906,
                            "m_y": -7.558311462402344,
                            "m_obstacleType": 2,
                            "m_height": "nfm::fs::interface::EFusionHeightClass::HIGH"
                        },
                        {
                            "m_x": 2.8426380157470703,
                            "m_y": -7.610599517822266,
                            "m_obstacleType": 2,
                            "m_height": "nfm::fs::interface::EFusionHeightClass::HIGH"
                        }
                    ]
                },
                {
                    "nfmPolygonObjectNodes": [
                        {
                            "m_x": -2.6448419094085693,
                            "m_y": 11.5526123046875,
                            "m_obstacleType": 1,
                            "m_height": "nfm::fs::interface::EFusionHeightClass::HIGH"
                        },
                        {
                            "m_x": -2.622605085372925,
                            "m_y": 11.603785514831543,
                            "m_obstacleType": 1,
                            "m_height": "nfm::fs::interface::EFusionHeightClass::HIGH"
                        },
                        {
                            "m_x": -2.502479314804077,
                            "m_y": 11.773615837097168,
                            "m_obstacleType": 1,
                            "m_height": "nfm::fs::interface::EFusionHeightClass::HIGH"
                        },
                        {
                            "m_x": -2.4012563228607178,
                            "m_y": 11.921859741210938,
                            "m_obstacleType": 1,
                            "m_height": "nfm::fs::interface::EFusionHeightClass::HIGH"
                        }
                    ]
                },
                {
                    "nfmPolygonObjectNodes": [
                        {
                            "m_x": 12.895036697387695,
                            "m_y": 5.672408580780029,
                            "m_obstacleType": 2,
                            "m_height": "nfm::fs::interface::EFusionHeightClass::HIGH"
                        },
                        {
                            "m_x": 12.968457221984863,
                            "m_y": 6.183424949645996,
                            "m_obstacleType": 2,
                            "m_height": "nfm::fs::interface::EFusionHeightClass::HIGH"
                        }
                    ]
                },
                {
                    "nfmPolygonObjectNodes": [
                        {
                            "m_x": -16.055055618286133,
                            "m_y": 16.393600463867188,
                            "m_obstacleType": 7,
                            "m_height": "nfm::fs::interface::EFusionHeightClass::HIGH"
                        },
                        {
                            "m_x": -15.579818725585938,
                            "m_y": 16.13690185546875,
                            "m_obstacleType": 7,
                            "m_height": "nfm::fs::interface::EFusionHeightClass::HIGH"
                        },
                        {
                            "m_x": -15.364241600036621,
                            "m_y": 15.709673881530762,
                            "m_obstacleType": 7,
                            "m_height": "nfm::fs::interface::EFusionHeightClass::HIGH"
                        },
                        {
                            "m_x": -15.706604957580566,
                            "m_y": 14.293353080749512,
                            "m_obstacleType": 7,
                            "m_height": "nfm::fs::interface::EFusionHeightClass::HIGH"
                        }
                    ]
                },
                {
                    "nfmPolygonObjectNodes": [
                        {
                            "m_x": -2.4049041271209717,
                            "m_y": -5.964878082275391,
                            "m_obstacleType": 8,
                            "m_height": "nfm::fs::interface::EFusionHeightClass::HIGH"
                        },
                        {
                            "m_x": -2.3323755264282227,
                            "m_y": -5.989287853240967,
                            "m_obstacleType": 8,
                            "m_height": "nfm::fs::interface::EFusionHeightClass::HIGH"
                        }
                    ]
                },
                {
                    "nfmPolygonObjectNodes": [
                        {
                            "m_x": -2.371803045272827,
                            "m_y": 11.966256141662598,
                            "m_obstacleType": 1,
                            "m_height": "nfm::fs::interface::EFusionHeightClass::HIGH"
                        },
                        {
                            "m_x": -2.252751588821411,
                            "m_y": 11.82515811920166,
                            "m_obstacleType": 1,
                            "m_height": "nfm::fs::interface::EFusionHeightClass::HIGH"
                        },
                        {
                            "m_x": -2.1470258235931396,
                            "m_y": 11.766316413879395,
                            "m_obstacleType": 1,
                            "m_height": "nfm::fs::interface::EFusionHeightClass::HIGH"
                        },
                        {
                            "m_x": -1.8938100337982178,
                            "m_y": 11.68459415435791,
                            "m_obstacleType": 1,
                            "m_height": "nfm::fs::interface::EFusionHeightClass::HIGH"
                        }
                    ]
                },
                {
                    "nfmPolygonObjectNodes": [
                        {
                            "m_x": 7.544549465179443,
                            "m_y": 12.462977409362793,
                            "m_obstacleType": 7,
                            "m_height": "nfm::fs::interface::EFusionHeightClass::HIGH"
                        },
                        {
                            "m_x": 7.559085369110107,
                            "m_y": 12.561934471130371,
                            "m_obstacleType": 7,
                            "m_height": "nfm::fs::interface::EFusionHeightClass::HIGH"
                        }
                    ]
                },
                {
                    "nfmPolygonObjectNodes": [
                        {
                            "m_x": 5.511172294616699,
                            "m_y": -3.458462715148926,
                            "m_obstacleType": 2,
                            "m_height": "nfm::fs::interface::EFusionHeightClass::HIGH"
                        },
                        {
                            "m_x": 5.712450981140137,
                            "m_y": -2.7539215087890625,
                            "m_obstacleType": 2,
                            "m_height": "nfm::fs::interface::EFusionHeightClass::HIGH"
                        }
                    ]
                },
                {
                    "nfmPolygonObjectNodes": [
                        {
                            "m_x": -5.3051252365112305,
                            "m_y": -4.680349826812744,
                            "m_obstacleType": 8,
                            "m_height": "nfm::fs::interface::EFusionHeightClass::HIGH"
                        },
                        {
                            "m_x": -5.284233570098877,
                            "m_y": -4.751004219055176,
                            "m_obstacleType": 8,
                            "m_height": "nfm::fs::interface::EFusionHeightClass::HIGH"
                        },
                        {
                            "m_x": -5.113983154296875,
                            "m_y": -4.9098029136657715,
                            "m_obstacleType": 8,
                            "m_height": "nfm::fs::interface::EFusionHeightClass::HIGH"
                        },
                        {
                            "m_x": -5.017481327056885,
                            "m_y": -4.947637557983398,
                            "m_obstacleType": 8,
                            "m_height": "nfm::fs::interface::EFusionHeightClass::HIGH"
                        }
                    ]
                },
                {
                    "nfmPolygonObjectNodes": [
                        {
                            "m_x": 5.186856269836426,
                            "m_y": 8.576837539672852,
                            "m_obstacleType": 2,
                            "m_height": "nfm::fs::interface::EFusionHeightClass::HIGH"
                        },
                        {
                            "m_x": 5.73085355758667,
                            "m_y": 9.369041442871094,
                            "m_obstacleType": 2,
                            "m_height": "nfm::fs::interface::EFusionHeightClass::HIGH"
                        }
                    ]
                },
                {
                    "nfmPolygonObjectNodes": [
                        {
                            "m_x": -6.529801845550537,
                            "m_y": 1.5569968223571777,
                            "m_obstacleType": 7,
                            "m_height": "nfm::fs::interface::EFusionHeightClass::HIGH"
                        },
                        {
                            "m_x": -6.415348529815674,
                            "m_y": 0.8455871343612671,
                            "m_obstacleType": 7,
                            "m_height": "nfm::fs::interface::EFusionHeightClass::HIGH"
                        },
                        {
                            "m_x": -6.6886887550354,
                            "m_y": 0.519766092300415,
                            "m_obstacleType": 7,
                            "m_height": "nfm::fs::interface::EFusionHeightClass::HIGH"
                        }
                    ]
                },
                {
                    "nfmPolygonObjectNodes": [
                        {
                            "m_x": 4.90545654296875,
                            "m_y": -2.948460817337036,
                            "m_obstacleType": 11,
                            "m_height": "nfm::fs::interface::EFusionHeightClass::LOW"
                        },
                        {
                            "m_x": 4.256174087524414,
                            "m_y": -4.9656548500061035,
                            "m_obstacleType": 11,
                            "m_height": "nfm::fs::interface::EFusionHeightClass::LOW"
                        }
                    ]
                },
                {
                    "nfmPolygonObjectNodes": [
                        {
                            "m_x": -9.950921058654785,
                            "m_y": -3.404285192489624,
                            "m_obstacleType": 8,
                            "m_height": "nfm::fs::interface::EFusionHeightClass::HIGH"
                        },
                        {
                            "m_x": -9.493374824523926,
                            "m_y": -3.5111582279205322,
                            "m_obstacleType": 8,
                            "m_height": "nfm::fs::interface::EFusionHeightClass::HIGH"
                        }
                    ]
                },
                {
                    "nfmPolygonObjectNodes": [
                        {
                            "m_x": 0.07633741199970245,
                            "m_y": -6.694777488708496,
                            "m_obstacleType": 1,
                            "m_height": "nfm::fs::interface::EFusionHeightClass::HIGH"
                        },
                        {
                            "m_x": 0.24029815196990967,
                            "m_y": -6.720817565917969,
                            "m_obstacleType": 1,
                            "m_height": "nfm::fs::interface::EFusionHeightClass::HIGH"
                        }
                    ]
                },
                {
                    "nfmPolygonObjectNodes": [
                        {
                            "m_x": -2.4012563228607178,
                            "m_y": 11.921859741210938,
                            "m_obstacleType": 1,
                            "m_height": "nfm::fs::interface::EFusionHeightClass::HIGH"
                        },
                        {
                            "m_x": -2.3973429203033447,
                            "m_y": 12.008286476135254,
                            "m_obstacleType": 1,
                            "m_height": "nfm::fs::interface::EFusionHeightClass::HIGH"
                        }
                    ]
                },
                {
                    "nfmPolygonObjectNodes": [
                        {
                            "m_x": -1.1720293760299683,
                            "m_y": -6.372189044952393,
                            "m_obstacleType": 8,
                            "m_height": "nfm::fs::interface::EFusionHeightClass::HIGH"
                        },
                        {
                            "m_x": -1.1604863405227661,
                            "m_y": -6.378096103668213,
                            "m_obstacleType": 8,
                            "m_height": "nfm::fs::interface::EFusionHeightClass::HIGH"
                        },
                        {
                            "m_x": -0.9714789986610413,
                            "m_y": -6.422624588012695,
                            "m_obstacleType": 8,
                            "m_height": "nfm::fs::interface::EFusionHeightClass::HIGH"
                        },
                        {
                            "m_x": -0.7931274771690369,
                            "m_y": -6.472012519836426,
                            "m_obstacleType": 8,
                            "m_height": "nfm::fs::interface::EFusionHeightClass::HIGH"
                        }
                    ]
                },
                {
                    "nfmPolygonObjectNodes": [
                        {
                            "m_x": 5.712450981140137,
                            "m_y": -2.7539215087890625,
                            "m_obstacleType": 2,
                            "m_height": "nfm::fs::interface::EFusionHeightClass::HIGH"
                        },
                        {
                            "m_x": 5.828134059906006,
                            "m_y": -2.4135284423828125,
                            "m_obstacleType": 2,
                            "m_height": "nfm::fs::interface::EFusionHeightClass::HIGH"
                        },
                        {
                            "m_x": 6.396925926208496,
                            "m_y": -1.91560697555542,
                            "m_obstacleType": 2,
                            "m_height": "nfm::fs::interface::EFusionHeightClass::HIGH"
                        }
                    ]
                },
                {
                    "nfmPolygonObjectNodes": [
                        {
                            "m_x": -1.4612772464752197,
                            "m_y": -6.292267799377441,
                            "m_obstacleType": 8,
                            "m_height": "nfm::fs::interface::EFusionHeightClass::HIGH"
                        },
                        {
                            "m_x": -1.2683260440826416,
                            "m_y": -6.346138954162598,
                            "m_obstacleType": 8,
                            "m_height": "nfm::fs::interface::EFusionHeightClass::HIGH"
                        },
                        {
                            "m_x": -1.2513397932052612,
                            "m_y": -6.352046012878418,
                            "m_obstacleType": 8,
                            "m_height": "nfm::fs::interface::EFusionHeightClass::HIGH"
                        },
                        {
                            "m_x": -1.1720293760299683,
                            "m_y": -6.372189044952393,
                            "m_obstacleType": 8,
                            "m_height": "nfm::fs::interface::EFusionHeightClass::HIGH"
                        }
                    ]
                },
                {
                    "nfmPolygonObjectNodes": [
                        {
                            "m_x": 8.024450302124023,
                            "m_y": -1.6144397258758545,
                            "m_obstacleType": 2,
                            "m_height": "nfm::fs::interface::EFusionHeightClass::HIGH"
                        },
                        {
                            "m_x": 8.40766716003418,
                            "m_y": -1.4258702993392944,
                            "m_obstacleType": 2,
                            "m_height": "nfm::fs::interface::EFusionHeightClass::HIGH"
                        }
                    ]
                },
                {
                    "nfmPolygonObjectNodes": [
                        {
                            "m_x": 0.24029815196990967,
                            "m_y": -6.720817565917969,
                            "m_obstacleType": 1,
                            "m_height": "nfm::fs::interface::EFusionHeightClass::HIGH"
                        },
                        {
                            "m_x": 0.25595277547836304,
                            "m_y": -6.713201999664307,
                            "m_obstacleType": 1,
                            "m_height": "nfm::fs::interface::EFusionHeightClass::HIGH"
                        }
                    ]
                },
                {
                    "nfmPolygonObjectNodes": [
                        {
                            "m_x": -5.017481327056885,
                            "m_y": -4.947637557983398,
                            "m_obstacleType": 8,
                            "m_height": "nfm::fs::interface::EFusionHeightClass::HIGH"
                        },
                        {
                            "m_x": -4.732307434082031,
                            "m_y": -5.036334991455078,
                            "m_obstacleType": 8,
                            "m_height": "nfm::fs::interface::EFusionHeightClass::HIGH"
                        }
                    ]
                },
                {
                    "nfmPolygonObjectNodes": [
                        {
                            "m_x": -0.1310826987028122,
                            "m_y": -6.68166971206665,
                            "m_obstacleType": 8,
                            "m_height": "nfm::fs::interface::EFusionHeightClass::HIGH"
                        },
                        {
                            "m_x": 0.07633741199970245,
                            "m_y": -6.694777488708496,
                            "m_obstacleType": 8,
                            "m_height": "nfm::fs::interface::EFusionHeightClass::HIGH"
                        }
                    ]
                },
                {
                    "nfmPolygonObjectNodes": [
                        {
                            "m_x": 7.556443691253662,
                            "m_y": 12.831146240234375,
                            "m_obstacleType": 7,
                            "m_height": "nfm::fs::interface::EFusionHeightClass::HIGH"
                        },
                        {
                            "m_x": 7.559085369110107,
                            "m_y": 12.561934471130371,
                            "m_obstacleType": 7,
                            "m_height": "nfm::fs::interface::EFusionHeightClass::HIGH"
                        },
                        {
                            "m_x": 7.780017375946045,
                            "m_y": 12.684794425964355,
                            "m_obstacleType": 7,
                            "m_height": "nfm::fs::interface::EFusionHeightClass::HIGH"
                        },
                        {
                            "m_x": 7.556443691253662,
                            "m_y": 12.831146240234375,
                            "m_obstacleType": 7,
                            "m_height": "nfm::fs::interface::EFusionHeightClass::HIGH"
                        }
                    ]
                },
                {
                    "nfmPolygonObjectNodes": [
                        {
                            "m_x": -5.179055690765381,
                            "m_y": -0.38997116684913635,
                            "m_obstacleType": 8,
                            "m_height": "nfm::fs::interface::EFusionHeightClass::HIGH"
                        },
                        {
                            "m_x": -5.239152431488037,
                            "m_y": -0.5712369680404663,
                            "m_obstacleType": 8,
                            "m_height": "nfm::fs::interface::EFusionHeightClass::HIGH"
                        }
                    ]
                },
                {
                    "nfmPolygonObjectNodes": [
                        {
                            "m_x": -4.280035495758057,
                            "m_y": -5.254210472106934,
                            "m_obstacleType": 8,
                            "m_height": "nfm::fs::interface::EFusionHeightClass::HIGH"
                        },
                        {
                            "m_x": -4.091798782348633,
                            "m_y": -5.348005294799805,
                            "m_obstacleType": 8,
                            "m_height": "nfm::fs::interface::EFusionHeightClass::HIGH"
                        },
                        {
                            "m_x": -3.9068922996520996,
                            "m_y": -5.416001319885254,
                            "m_obstacleType": 8,
                            "m_height": "nfm::fs::interface::EFusionHeightClass::HIGH"
                        },
                        {
                            "m_x": -3.6345508098602295,
                            "m_y": -5.504234313964844,
                            "m_obstacleType": 8,
                            "m_height": "nfm::fs::interface::EFusionHeightClass::HIGH"
                        }
                    ]
                },
                {
                    "nfmPolygonObjectNodes": [
                        {
                            "m_x": -7.757305145263672,
                            "m_y": -3.485903024673462,
                            "m_obstacleType": 8,
                            "m_height": "nfm::fs::interface::EFusionHeightClass::HIGH"
                        },
                        {
                            "m_x": -7.29097318649292,
                            "m_y": -3.436263084411621,
                            "m_obstacleType": 8,
                            "m_height": "nfm::fs::interface::EFusionHeightClass::HIGH"
                        },
                        {
                            "m_x": -6.792126178741455,
                            "m_y": -3.5992791652679443,
                            "m_obstacleType": 8,
                            "m_height": "nfm::fs::interface::EFusionHeightClass::HIGH"
                        }
                    ]
                },
                {
                    "nfmPolygonObjectNodes": [
                        {
                            "m_x": -2.3323755264282227,
                            "m_y": -5.989287853240967,
                            "m_obstacleType": 8,
                            "m_height": "nfm::fs::interface::EFusionHeightClass::HIGH"
                        },
                        {
                            "m_x": -2.2224464416503906,
                            "m_y": -6.03665828704834,
                            "m_obstacleType": 8,
                            "m_height": "nfm::fs::interface::EFusionHeightClass::HIGH"
                        },
                        {
                            "m_x": -2.129127264022827,
                            "m_y": -6.069121837615967,
                            "m_obstacleType": 8,
                            "m_height": "nfm::fs::interface::EFusionHeightClass::HIGH"
                        },
                        {
                            "m_x": -1.9373445510864258,
                            "m_y": -6.142439365386963,
                            "m_obstacleType": 8,
                            "m_height": "nfm::fs::interface::EFusionHeightClass::HIGH"
                        }
                    ]
                },
                {
                    "nfmPolygonObjectNodes": [
                        {
                            "m_x": -6.792126178741455,
                            "m_y": -3.5992791652679443,
                            "m_obstacleType": 8,
                            "m_height": "nfm::fs::interface::EFusionHeightClass::HIGH"
                        },
                        {
                            "m_x": -6.699441909790039,
                            "m_y": -3.648003339767456,
                            "m_obstacleType": 8,
                            "m_height": "nfm::fs::interface::EFusionHeightClass::HIGH"
                        },
                        {
                            "m_x": -6.447883129119873,
                            "m_y": -3.7615838050842285,
                            "m_obstacleType": 8,
                            "m_height": "nfm::fs::interface::EFusionHeightClass::HIGH"
                        },
                        {
                            "m_x": -6.236011981964111,
                            "m_y": -3.844496488571167,
                            "m_obstacleType": 8,
                            "m_height": "nfm::fs::interface::EFusionHeightClass::HIGH"
                        }
                    ]
                },
                {
                    "nfmPolygonObjectNodes": [
                        {
                            "m_x": -5.239152431488037,
                            "m_y": -0.5712369680404663,
                            "m_obstacleType": 8,
                            "m_height": "nfm::fs::interface::EFusionHeightClass::HIGH"
                        },
                        {
                            "m_x": -5.3306169509887695,
                            "m_y": -0.8405736088752747,
                            "m_obstacleType": 8,
                            "m_height": "nfm::fs::interface::EFusionHeightClass::HIGH"
                        }
                    ]
                }
            ],
            "m_psdFrameOrigin": [
                1.8000000268220901,
                -24.600000366568565
            ],
            "m_parkingSpaces": [
                {
                    "parkingSpace": [
                        {
                            "m_area": [
                                3.8721275329589844,
                                6.1911211013793945,
                                3.1473207473754883,
                                3.8697023391723633,
                                8.053778648376465,
                                2.3189895153045654,
                                8.778586387634277,
                                4.640410423278809
                            ],
                            "m_id": 1082,
                            "m_detectionType": 1,
                            "m_psState": 0
                        }
                    ]
                },
                {
                    "parkingSpace": [
                        {
                            "m_area": [
                                3.074970245361328,
                                3.6285085678100586,
                                2.312295436859131,
                                1.335209608078003,
                                7.415017127990723,
                                -0.40623196959495544,
                                8.177694320678711,
                                1.887068748474121
                            ],
                            "m_id": 1085,
                            "m_detectionType": 1,
                            "m_psState": 0
                        }
                    ]
                },
                {
                    "parkingSpace": [
                        {
                            "m_area": [
                                2.1102709770202637,
                                0.8512163758277893,
                                1.339529037475586,
                                -1.5261659622192383,
                                6.1577677726745605,
                                -3.0882556438446045,
                                6.928502082824707,
                                -0.710871696472168
                            ],
                            "m_id": 1090,
                            "m_detectionType": 1,
                            "m_psState": 1
                        }
                    ]
                },
                {
                    "parkingSpace": [
                        {
                            "m_area": [
                                -6.478837013244629,
                                -0.235373392701149,
                                -5.665370941162109,
                                1.8852033615112305,
                                -10.467205047607422,
                                3.485630750656128,
                                -11.280670166015625,
                                1.3650541305541992
                            ],
                            "m_id": 1091,
                            "m_detectionType": 1,
                            "m_psState": 1
                        }
                    ]
                },
                {
                    "parkingSpace": [
                        {
                            "m_area": [
                                1.3374385833740234,
                                -1.5089068412780762,
                                0.521724283695221,
                                -4.029062747955322,
                                5.2306013107299805,
                                -5.561282634735107,
                                6.046314716339111,
                                -3.0411269664764404
                            ],
                            "m_id": 1097,
                            "m_detectionType": 1,
                            "m_psState": 0
                        }
                    ]
                },
                {
                    "parkingSpace": [
                        {
                            "m_area": [
                                -7.3751349449157715,
                                -2.641226053237915,
                                -6.4788007736206055,
                                -0.2312145084142685,
                                -11.350431442260742,
                                1.4322197437286377,
                                -12.246767044067383,
                                -0.9777907729148865
                            ],
                            "m_id": 1099,
                            "m_detectionType": 1,
                            "m_psState": 1
                        }
                    ]
                },
                {
                    "parkingSpace": [
                        {
                            "m_area": [
                                0.521724283695221,
                                -4.029062747955322,
                                -0.20994269847869873,
                                -6.311164855957031,
                                4.467709541320801,
                                -7.859594821929932,
                                5.199377059936523,
                                -5.577489376068115
                            ],
                            "m_id": 1100,
                            "m_detectionType": 1,
                            "m_psState": 0
                        }
                    ]
                },
                {
                    "parkingSpace": [
                        {
                            "m_area": [
                                -4.034494876861572,
                                3.1656692028045654,
                                -1.6768053770065308,
                                3.822625160217285,
                                -3.6763665676116943,
                                8.506599426269531,
                                -6.034041404724121,
                                7.849640846252441
                            ],
                            "m_id": 1176,
                            "m_detectionType": 1,
                            "m_psState": 0
                        }
                    ]
                },
                {
                    "parkingSpace": [
                        {
                            "m_area": [
                                -6.688507556915283,
                                2.461005210876465,
                                -4.034494876861572,
                                3.1656692028045654,
                                -6.057993412017822,
                                7.804047584533691,
                                -8.712026596069336,
                                7.0993852615356445
                            ],
                            "m_id": 1177,
                            "m_detectionType": 1,
                            "m_psState": 1
                        }
                    ]
                }
            ]
        }
    }
}